date,name,issuer_type,issuer,note
03.10.00,Tag der Deutschen Einheit,BUND,BUND,
03.10.01,Tag der Deutschen Einheit,BUND,BUND,
03.10.02,Tag der Deutschen Einheit,BUND,BUND,
03.10.03,Tag der Deutschen Einheit,BUND,BUND,
03.10.04,Tag der Deutschen Einheit,BUND,BUND,
03.10.05,Tag der Deutschen Einheit,BUND,BUND,
03.10.06,Tag der Deutschen Einheit,BUND,BUND,
03.10.07,Tag der Deutschen Einheit,BUND,BUND,
03.10.08,Tag der Deutschen Einheit,BUND,BUND,
03.10.09,Tag der Deutschen Einheit,BUND,BUND,
03.10.10,Tag der Deutschen Einheit,BUND,BUND,
03.10.11,Tag der Deutschen Einheit,BUND,BUND,
03.10.12,Tag der Deutschen Einheit,BUND,BUND,
03.10.13,Tag der Deutschen Einheit,BUND,BUND,
03.10.14,Tag der Deutschen Einheit,BUND,BUND,
03.10.15,Tag der Deutschen Einheit,BUND,BUND,
03.10.16,Tag der Deutschen Einheit,BUND,BUND,
03.10.17,Tag der Deutschen Einheit,BUND,BUND,
03.10.18,Tag der Deutschen Einheit,BUND,BUND,
03.10.19,Tag der Deutschen Einheit,BUND,BUND,
03.10.20,Tag der Deutschen Einheit,BUND,BUND,
03.10.21,Tag der Deutschen Einheit,BUND,BUND,
03.10.22,Tag der Deutschen Einheit,BUND,BUND,
03.10.23,Tag der Deutschen Einheit,BUND,BUND,
03.10.24,Tag der Deutschen Einheit,BUND,BUND,
03.10.25,Tag der Deutschen Einheit,BUND,BUND,
03.10.26,Tag der Deutschen Einheit,BUND,BUND,
01.01.00,Neujahrstag,LAND,NRW,
01.01.01,Neujahrstag,LAND,NRW,
01.01.02,Neujahrstag,LAND,NRW,
01.01.03,Neujahrstag,LAND,NRW,
01.01.04,Neujahrstag,LAND,NRW,
01.01.05,Neujahrstag,LAND,NRW,
01.01.06,Neujahrstag,LAND,NRW,
01.01.07,Neujahrstag,LAND,NRW,
01.01.08,Neujahrstag,LAND,NRW,
01.01.09,Neujahrstag,LAND,NRW,
01.01.10,Neujahrstag,LAND,NRW,
01.01.11,Neujahrstag,LAND,NRW,
01.01.12,Neujahrstag,LAND,NRW,
01.01.13,Neujahrstag,LAND,NRW,
01.01.14,Neujahrstag,LAND,NRW,
01.01.15,Neujahrstag,LAND,NRW,
01.01.16,Neujahrstag,LAND,NRW,
01.01.17,Neujahrstag,LAND,NRW,
01.01.18,Neujahrstag,LAND,NRW,
01.01.19,Neujahrstag,LAND,NRW,
01.01.20,Neujahrstag,LAND,NRW,
01.01.21,Neujahrstag,LAND,NRW,
01.01.22,Neujahrstag,LAND,NRW,
01.01.23,Neujahrstag,LAND,NRW,
01.01.24,Neujahrstag,LAND,NRW,
01.01.25,Neujahrstag,LAND,NRW,
01.01.26,Neujahrstag,LAND,NRW,
21.04.00, Karfreitag,LAND,NRW,
24.04.00, Ostermontag,LAND,NRW,
01.06.00, Christi-Himmelfahrts-Tag,LAND,NRW,
12.06.00, Pfingstmontag,LAND,NRW,
22.06.00, Fronleichnamstag,LAND,NRW,
13.04.01, Karfreitag,LAND,NRW,
16.04.01, Ostermontag,LAND,NRW,
24.05.01, Christi-Himmelfahrts-Tag,LAND,NRW,
04.06.01, Pfingstmontag,LAND,NRW,
14.06.01, Fronleichnamstag,LAND,NRW,
29.03.02, Karfreitag,LAND,NRW,
01.04.02, Ostermontag,LAND,NRW,
09.05.02, Christi-Himmelfahrts-Tag,LAND,NRW,
20.05.02, Pfingstmontag,LAND,NRW,
30.05.02, Fronleichnamstag,LAND,NRW,
18.04.03, Karfreitag,LAND,NRW,
21.04.03, Ostermontag,LAND,NRW,
29.05.03, Christi-Himmelfahrts-Tag,LAND,NRW,
09.06.03, Pfingstmontag,LAND,NRW,
19.06.03, Fronleichnamstag,LAND,NRW,
09.04.04, Karfreitag,LAND,NRW,
12.04.04, Ostermontag,LAND,NRW,
20.05.04, Christi-Himmelfahrts-Tag,LAND,NRW,
31.05.04, Pfingstmontag,LAND,NRW,
10.06.04, Fronleichnamstag,LAND,NRW,
25.03.05, Karfreitag,LAND,NRW,
28.03.05, Ostermontag,LAND,NRW,
05.05.05, Christi-Himmelfahrts-Tag,LAND,NRW,
16.05.05, Pfingstmontag,LAND,NRW,
26.05.05, Fronleichnamstag,LAND,NRW,
14.04.06, Karfreitag,LAND,NRW,
17.04.06, Ostermontag,LAND,NRW,
25.05.06, Christi-Himmelfahrts-Tag,LAND,NRW,
05.06.06, Pfingstmontag,LAND,NRW,
15.06.06, Fronleichnamstag,LAND,NRW,
06.04.07, Karfreitag,LAND,NRW,
09.04.07, Ostermontag,LAND,NRW,
17.05.07, Christi-Himmelfahrts-Tag,LAND,NRW,
28.05.07, Pfingstmontag,LAND,NRW,
07.06.07, Fronleichnamstag,LAND,NRW,
21.03.08, Karfreitag,LAND,NRW,
24.03.08, Ostermontag,LAND,NRW,
01.05.08, Christi-Himmelfahrts-Tag,LAND,NRW,
12.05.08, Pfingstmontag,LAND,NRW,
22.05.08, Fronleichnamstag,LAND,NRW,
10.04.09, Karfreitag,LAND,NRW,
13.04.09, Ostermontag,LAND,NRW,
21.05.09, Christi-Himmelfahrts-Tag,LAND,NRW,
01.06.09, Pfingstmontag,LAND,NRW,
11.06.09, Fronleichnamstag,LAND,NRW,
02.04.10, Karfreitag,LAND,NRW,
05.04.10, Ostermontag,LAND,NRW,
13.05.10, Christi-Himmelfahrts-Tag,LAND,NRW,
24.05.10, Pfingstmontag,LAND,NRW,
03.06.10, Fronleichnamstag,LAND,NRW,
22.04.11, Karfreitag,LAND,NRW,
25.04.11, Ostermontag,LAND,NRW,
02.06.11, Christi-Himmelfahrts-Tag,LAND,NRW,
13.06.11, Pfingstmontag,LAND,NRW,
23.06.11, Fronleichnamstag,LAND,NRW,
06.04.12, Karfreitag,LAND,NRW,
09.04.12, Ostermontag,LAND,NRW,
17.05.12, Christi-Himmelfahrts-Tag,LAND,NRW,
28.05.12, Pfingstmontag,LAND,NRW,
07.06.12, Fronleichnamstag,LAND,NRW,
29.03.13, Karfreitag,LAND,NRW,
01.04.13, Ostermontag,LAND,NRW,
09.05.13, Christi-Himmelfahrts-Tag,LAND,NRW,
20.05.13, Pfingstmontag,LAND,NRW,
30.05.13, Fronleichnamstag,LAND,NRW,
18.04.14, Karfreitag,LAND,NRW,
21.04.14, Ostermontag,LAND,NRW,
29.05.14, Christi-Himmelfahrts-Tag,LAND,NRW,
09.06.14, Pfingstmontag,LAND,NRW,
19.06.14, Fronleichnamstag,LAND,NRW,
03.04.15, Karfreitag,LAND,NRW,
06.04.15, Ostermontag,LAND,NRW,
14.05.15, Christi-Himmelfahrts-Tag,LAND,NRW,
25.05.15, Pfingstmontag,LAND,NRW,
04.06.15, Fronleichnamstag,LAND,NRW,
25.03.16, Karfreitag,LAND,NRW,
28.03.16, Ostermontag,LAND,NRW,
05.05.16, Christi-Himmelfahrts-Tag,LAND,NRW,
16.05.16, Pfingstmontag,LAND,NRW,
26.05.16, Fronleichnamstag,LAND,NRW,
14.04.17, Karfreitag,LAND,NRW,
17.04.17, Ostermontag,LAND,NRW,
25.05.17, Christi-Himmelfahrts-Tag,LAND,NRW,
05.06.17, Pfingstmontag,LAND,NRW,
15.06.17, Fronleichnamstag,LAND,NRW,
30.03.18, Karfreitag,LAND,NRW,
02.04.18, Ostermontag,LAND,NRW,
10.05.18, Christi-Himmelfahrts-Tag,LAND,NRW,
21.05.18, Pfingstmontag,LAND,NRW,
31.05.18, Fronleichnamstag,LAND,NRW,
19.04.19, Karfreitag,LAND,NRW,
22.04.19, Ostermontag,LAND,NRW,
30.05.19, Christi-Himmelfahrts-Tag,LAND,NRW,
10.06.19, Pfingstmontag,LAND,NRW,
20.06.19, Fronleichnamstag,LAND,NRW,
10.04.20, Karfreitag,LAND,NRW,
13.04.20, Ostermontag,LAND,NRW,
21.05.20, Christi-Himmelfahrts-Tag,LAND,NRW,
01.06.20, Pfingstmontag,LAND,NRW,
11.06.20, Fronleichnamstag,LAND,NRW,
02.04.21, Karfreitag,LAND,NRW,
05.04.21, Ostermontag,LAND,NRW,
13.05.21, Christi-Himmelfahrts-Tag,LAND,NRW,
24.05.21, Pfingstmontag,LAND,NRW,
03.06.21, Fronleichnamstag,LAND,NRW,
15.04.22, Karfreitag,LAND,NRW,
18.04.22, Ostermontag,LAND,NRW,
26.05.22, Christi-Himmelfahrts-Tag,LAND,NRW,
06.06.22, Pfingstmontag,LAND,NRW,
16.06.22, Fronleichnamstag,LAND,NRW,
07.04.23, Karfreitag,LAND,NRW,
10.04.23, Ostermontag,LAND,NRW,
18.05.23, Christi-Himmelfahrts-Tag,LAND,NRW,
29.05.23, Pfingstmontag,LAND,NRW,
08.06.23, Fronleichnamstag,LAND,NRW,
29.03.24, Karfreitag,LAND,NRW,
01.04.24, Ostermontag,LAND,NRW,
09.05.24, Christi-Himmelfahrts-Tag,LAND,NRW,
20.05.24, Pfingstmontag,LAND,NRW,
30.05.24, Fronleichnamstag,LAND,NRW,
18.04.25, Karfreitag,LAND,NRW,
21.04.25, Ostermontag,LAND,NRW,
29.05.25, Christi-Himmelfahrts-Tag,LAND,NRW,
09.06.25, Pfingstmontag,LAND,NRW,
19.06.25, Fronleichnamstag,LAND,NRW,
03.04.26, Karfreitag,LAND,NRW,
06.04.26, Ostermontag,LAND,NRW,
14.05.26, Christi-Himmelfahrts-Tag,LAND,NRW,
25.05.26, Pfingstmontag,LAND,NRW,
04.06.26, Fronleichnamstag,LAND,NRW,
01.05.00,"Tag des Bekenntnisses zu Freiheit und Frieden, sozialer Gerechtigkeit, Völkerversöhnung und Menschenwürde",LAND,NRW,
01.05.01,"Tag des Bekenntnisses zu Freiheit und Frieden, sozialer Gerechtigkeit, Völkerversöhnung und Menschenwürde",LAND,NRW,
01.05.02,"Tag des Bekenntnisses zu Freiheit und Frieden, sozialer Gerechtigkeit, Völkerversöhnung und Menschenwürde",LAND,NRW,
01.05.03,"Tag des Bekenntnisses zu Freiheit und Frieden, sozialer Gerechtigkeit, Völkerversöhnung und Menschenwürde",LAND,NRW,
01.05.04,"Tag des Bekenntnisses zu Freiheit und Frieden, sozialer Gerechtigkeit, Völkerversöhnung und Menschenwürde",LAND,NRW,
01.05.05,"Tag des Bekenntnisses zu Freiheit und Frieden, sozialer Gerechtigkeit, Völkerversöhnung und Menschenwürde",LAND,NRW,
01.05.06,"Tag des Bekenntnisses zu Freiheit und Frieden, sozialer Gerechtigkeit, Völkerversöhnung und Menschenwürde",LAND,NRW,
01.05.07,"Tag des Bekenntnisses zu Freiheit und Frieden, sozialer Gerechtigkeit, Völkerversöhnung und Menschenwürde",LAND,NRW,
01.05.08,"Tag des Bekenntnisses zu Freiheit und Frieden, sozialer Gerechtigkeit, Völkerversöhnung und Menschenwürde",LAND,NRW,
01.05.09,"Tag des Bekenntnisses zu Freiheit und Frieden, sozialer Gerechtigkeit, Völkerversöhnung und Menschenwürde",LAND,NRW,
01.05.10,"Tag des Bekenntnisses zu Freiheit und Frieden, sozialer Gerechtigkeit, Völkerversöhnung und Menschenwürde",LAND,NRW,
01.05.11,"Tag des Bekenntnisses zu Freiheit und Frieden, sozialer Gerechtigkeit, Völkerversöhnung und Menschenwürde",LAND,NRW,
01.05.12,"Tag des Bekenntnisses zu Freiheit und Frieden, sozialer Gerechtigkeit, Völkerversöhnung und Menschenwürde",LAND,NRW,
01.05.13,"Tag des Bekenntnisses zu Freiheit und Frieden, sozialer Gerechtigkeit, Völkerversöhnung und Menschenwürde",LAND,NRW,
01.05.14,"Tag des Bekenntnisses zu Freiheit und Frieden, sozialer Gerechtigkeit, Völkerversöhnung und Menschenwürde",LAND,NRW,
01.05.15,"Tag des Bekenntnisses zu Freiheit und Frieden, sozialer Gerechtigkeit, Völkerversöhnung und Menschenwürde",LAND,NRW,
01.05.16,"Tag des Bekenntnisses zu Freiheit und Frieden, sozialer Gerechtigkeit, Völkerversöhnung und Menschenwürde",LAND,NRW,
01.05.17,"Tag des Bekenntnisses zu Freiheit und Frieden, sozialer Gerechtigkeit, Völkerversöhnung und Menschenwürde",LAND,NRW,
01.05.18,"Tag des Bekenntnisses zu Freiheit und Frieden, sozialer Gerechtigkeit, Völkerversöhnung und Menschenwürde",LAND,NRW,
01.05.19,"Tag des Bekenntnisses zu Freiheit und Frieden, sozialer Gerechtigkeit, Völkerversöhnung und Menschenwürde",LAND,NRW,
01.05.20,"Tag des Bekenntnisses zu Freiheit und Frieden, sozialer Gerechtigkeit, Völkerversöhnung und Menschenwürde",LAND,NRW,
01.05.21,"Tag des Bekenntnisses zu Freiheit und Frieden, sozialer Gerechtigkeit, Völkerversöhnung und Menschenwürde",LAND,NRW,
01.05.22,"Tag des Bekenntnisses zu Freiheit und Frieden, sozialer Gerechtigkeit, Völkerversöhnung und Menschenwürde",LAND,NRW,
01.05.23,"Tag des Bekenntnisses zu Freiheit und Frieden, sozialer Gerechtigkeit, Völkerversöhnung und Menschenwürde",LAND,NRW,
01.05.24,"Tag des Bekenntnisses zu Freiheit und Frieden, sozialer Gerechtigkeit, Völkerversöhnung und Menschenwürde",LAND,NRW,
01.05.25,"Tag des Bekenntnisses zu Freiheit und Frieden, sozialer Gerechtigkeit, Völkerversöhnung und Menschenwürde",LAND,NRW,
01.05.26,"Tag des Bekenntnisses zu Freiheit und Frieden, sozialer Gerechtigkeit, Völkerversöhnung und Menschenwürde",LAND,NRW,
01.11.00,Allerheiligentag,LAND,NRW,
01.11.01,Allerheiligentag,LAND,NRW,
01.11.02,Allerheiligentag,LAND,NRW,
01.11.03,Allerheiligentag,LAND,NRW,
01.11.04,Allerheiligentag,LAND,NRW,
01.11.05,Allerheiligentag,LAND,NRW,
01.11.06,Allerheiligentag,LAND,NRW,
01.11.07,Allerheiligentag,LAND,NRW,
01.11.08,Allerheiligentag,LAND,NRW,
01.11.09,Allerheiligentag,LAND,NRW,
01.11.10,Allerheiligentag,LAND,NRW,
01.11.11,Allerheiligentag,LAND,NRW,
01.11.12,Allerheiligentag,LAND,NRW,
01.11.13,Allerheiligentag,LAND,NRW,
01.11.14,Allerheiligentag,LAND,NRW,
01.11.15,Allerheiligentag,LAND,NRW,
01.11.16,Allerheiligentag,LAND,NRW,
01.11.17,Allerheiligentag,LAND,NRW,
01.11.18,Allerheiligentag,LAND,NRW,
01.11.19,Allerheiligentag,LAND,NRW,
01.11.20,Allerheiligentag,LAND,NRW,
01.11.21,Allerheiligentag,LAND,NRW,
01.11.22,Allerheiligentag,LAND,NRW,
01.11.23,Allerheiligentag,LAND,NRW,
01.11.24,Allerheiligentag,LAND,NRW,
01.11.25,Allerheiligentag,LAND,NRW,
01.11.26,Allerheiligentag,LAND,NRW,
25.12.00,1. Weihnachtstag,LAND,NRW,
25.12.01,1. Weihnachtstag,LAND,NRW,
25.12.02,1. Weihnachtstag,LAND,NRW,
25.12.03,1. Weihnachtstag,LAND,NRW,
25.12.04,1. Weihnachtstag,LAND,NRW,
25.12.05,1. Weihnachtstag,LAND,NRW,
25.12.06,1. Weihnachtstag,LAND,NRW,
25.12.07,1. Weihnachtstag,LAND,NRW,
25.12.08,1. Weihnachtstag,LAND,NRW,
25.12.09,1. Weihnachtstag,LAND,NRW,
25.12.10,1. Weihnachtstag,LAND,NRW,
25.12.11,1. Weihnachtstag,LAND,NRW,
25.12.12,1. Weihnachtstag,LAND,NRW,
25.12.13,1. Weihnachtstag,LAND,NRW,
25.12.14,1. Weihnachtstag,LAND,NRW,
25.12.15,1. Weihnachtstag,LAND,NRW,
25.12.16,1. Weihnachtstag,LAND,NRW,
25.12.17,1. Weihnachtstag,LAND,NRW,
25.12.18,1. Weihnachtstag,LAND,NRW,
25.12.19,1. Weihnachtstag,LAND,NRW,
25.12.20,1. Weihnachtstag,LAND,NRW,
25.12.21,1. Weihnachtstag,LAND,NRW,
25.12.22,1. Weihnachtstag,LAND,NRW,
25.12.23,1. Weihnachtstag,LAND,NRW,
25.12.24,1. Weihnachtstag,LAND,NRW,
25.12.25,1. Weihnachtstag,LAND,NRW,
25.12.26,1. Weihnachtstag,LAND,NRW,
26.12.00,2. Weihnachtstag,LAND,NRW,
26.12.01,2. Weihnachtstag,LAND,NRW,
26.12.02,2. Weihnachtstag,LAND,NRW,
26.12.03,2. Weihnachtstag,LAND,NRW,
26.12.04,2. Weihnachtstag,LAND,NRW,
26.12.05,2. Weihnachtstag,LAND,NRW,
26.12.06,2. Weihnachtstag,LAND,NRW,
26.12.07,2. Weihnachtstag,LAND,NRW,
26.12.08,2. Weihnachtstag,LAND,NRW,
26.12.09,2. Weihnachtstag,LAND,NRW,
26.12.10,2. Weihnachtstag,LAND,NRW,
26.12.11,2. Weihnachtstag,LAND,NRW,
26.12.12,2. Weihnachtstag,LAND,NRW,
26.12.13,2. Weihnachtstag,LAND,NRW,
26.12.14,2. Weihnachtstag,LAND,NRW,
26.12.15,2. Weihnachtstag,LAND,NRW,
26.12.16,2. Weihnachtstag,LAND,NRW,
26.12.17,2. Weihnachtstag,LAND,NRW,
26.12.18,2. Weihnachtstag,LAND,NRW,
26.12.19,2. Weihnachtstag,LAND,NRW,
26.12.20,2. Weihnachtstag,LAND,NRW,
26.12.21,2. Weihnachtstag,LAND,NRW,
26.12.22,2. Weihnachtstag,LAND,NRW,
26.12.23,2. Weihnachtstag,LAND,NRW,
26.12.24,2. Weihnachtstag,LAND,NRW,
26.12.25,2. Weihnachtstag,LAND,NRW,
26.12.26,2. Weihnachtstag,LAND,NRW,
31.10.17,500. Jahrestag der Reformation,LAND,NRW,
01.01.00,Neujahr,LAND,BW,
01.01.01,Neujahr,LAND,BW,
01.01.02,Neujahr,LAND,BW,
01.01.03,Neujahr,LAND,BW,
01.01.04,Neujahr,LAND,BW,
01.01.05,Neujahr,LAND,BW,
01.01.06,Neujahr,LAND,BW,
01.01.07,Neujahr,LAND,BW,
01.01.08,Neujahr,LAND,BW,
01.01.09,Neujahr,LAND,BW,
01.01.10,Neujahr,LAND,BW,
01.01.11,Neujahr,LAND,BW,
01.01.12,Neujahr,LAND,BW,
01.01.13,Neujahr,LAND,BW,
01.01.14,Neujahr,LAND,BW,
01.01.15,Neujahr,LAND,BW,
01.01.16,Neujahr,LAND,BW,
01.01.17,Neujahr,LAND,BW,
01.01.18,Neujahr,LAND,BW,
01.01.19,Neujahr,LAND,BW,
01.01.20,Neujahr,LAND,BW,
01.01.21,Neujahr,LAND,BW,
01.01.22,Neujahr,LAND,BW,
01.01.23,Neujahr,LAND,BW,
01.01.24,Neujahr,LAND,BW,
01.01.25,Neujahr,LAND,BW,
01.01.26,Neujahr,LAND,BW,
06.01.00,Erscheinungsfest,LAND,BW,
06.01.01,Erscheinungsfest,LAND,BW,
06.01.02,Erscheinungsfest,LAND,BW,
06.01.03,Erscheinungsfest,LAND,BW,
06.01.04,Erscheinungsfest,LAND,BW,
06.01.05,Erscheinungsfest,LAND,BW,
06.01.06,Erscheinungsfest,LAND,BW,
06.01.07,Erscheinungsfest,LAND,BW,
06.01.08,Erscheinungsfest,LAND,BW,
06.01.09,Erscheinungsfest,LAND,BW,
06.01.10,Erscheinungsfest,LAND,BW,
06.01.11,Erscheinungsfest,LAND,BW,
06.01.12,Erscheinungsfest,LAND,BW,
06.01.13,Erscheinungsfest,LAND,BW,
06.01.14,Erscheinungsfest,LAND,BW,
06.01.15,Erscheinungsfest,LAND,BW,
06.01.16,Erscheinungsfest,LAND,BW,
06.01.17,Erscheinungsfest,LAND,BW,
06.01.18,Erscheinungsfest,LAND,BW,
06.01.19,Erscheinungsfest,LAND,BW,
06.01.20,Erscheinungsfest,LAND,BW,
06.01.21,Erscheinungsfest,LAND,BW,
06.01.22,Erscheinungsfest,LAND,BW,
06.01.23,Erscheinungsfest,LAND,BW,
06.01.24,Erscheinungsfest,LAND,BW,
06.01.25,Erscheinungsfest,LAND,BW,
06.01.26,Erscheinungsfest,LAND,BW,
21.04.00, Karfreitag,LAND,BW,
24.04.00, Ostermontag,LAND,BW,
01.06.00,Christi Himmelfahrt,LAND,BW,
12.06.00, Pfingstmontag,LAND,BW,
22.06.00, Fronleichnam,LAND,BW,
13.04.01, Karfreitag,LAND,BW,
16.04.01, Ostermontag,LAND,BW,
24.05.01,Christi Himmelfahrt,LAND,BW,
04.06.01, Pfingstmontag,LAND,BW,
14.06.01, Fronleichnam,LAND,BW,
29.03.02, Karfreitag,LAND,BW,
01.04.02, Ostermontag,LAND,BW,
09.05.02,Christi Himmelfahrt,LAND,BW,
20.05.02, Pfingstmontag,LAND,BW,
30.05.02, Fronleichnam,LAND,BW,
18.04.03, Karfreitag,LAND,BW,
21.04.03, Ostermontag,LAND,BW,
29.05.03,Christi Himmelfahrt,LAND,BW,
09.06.03, Pfingstmontag,LAND,BW,
19.06.03, Fronleichnam,LAND,BW,
09.04.04, Karfreitag,LAND,BW,
12.04.04, Ostermontag,LAND,BW,
20.05.04,Christi Himmelfahrt,LAND,BW,
31.05.04, Pfingstmontag,LAND,BW,
10.06.04, Fronleichnam,LAND,BW,
25.03.05, Karfreitag,LAND,BW,
28.03.05, Ostermontag,LAND,BW,
05.05.05,Christi Himmelfahrt,LAND,BW,
16.05.05, Pfingstmontag,LAND,BW,
26.05.05, Fronleichnam,LAND,BW,
14.04.06, Karfreitag,LAND,BW,
17.04.06, Ostermontag,LAND,BW,
25.05.06,Christi Himmelfahrt,LAND,BW,
05.06.06, Pfingstmontag,LAND,BW,
15.06.06, Fronleichnam,LAND,BW,
06.04.07, Karfreitag,LAND,BW,
09.04.07, Ostermontag,LAND,BW,
17.05.07,Christi Himmelfahrt,LAND,BW,
28.05.07, Pfingstmontag,LAND,BW,
07.06.07, Fronleichnam,LAND,BW,
21.03.08, Karfreitag,LAND,BW,
24.03.08, Ostermontag,LAND,BW,
01.05.08,Christi Himmelfahrt,LAND,BW,
12.05.08, Pfingstmontag,LAND,BW,
22.05.08, Fronleichnam,LAND,BW,
10.04.09, Karfreitag,LAND,BW,
13.04.09, Ostermontag,LAND,BW,
21.05.09,Christi Himmelfahrt,LAND,BW,
01.06.09, Pfingstmontag,LAND,BW,
11.06.09, Fronleichnam,LAND,BW,
02.04.10, Karfreitag,LAND,BW,
05.04.10, Ostermontag,LAND,BW,
13.05.10,Christi Himmelfahrt,LAND,BW,
24.05.10, Pfingstmontag,LAND,BW,
03.06.10, Fronleichnam,LAND,BW,
22.04.11, Karfreitag,LAND,BW,
25.04.11, Ostermontag,LAND,BW,
02.06.11,Christi Himmelfahrt,LAND,BW,
13.06.11, Pfingstmontag,LAND,BW,
23.06.11, Fronleichnam,LAND,BW,
06.04.12, Karfreitag,LAND,BW,
09.04.12, Ostermontag,LAND,BW,
17.05.12,Christi Himmelfahrt,LAND,BW,
28.05.12, Pfingstmontag,LAND,BW,
07.06.12, Fronleichnam,LAND,BW,
29.03.13, Karfreitag,LAND,BW,
01.04.13, Ostermontag,LAND,BW,
09.05.13,Christi Himmelfahrt,LAND,BW,
20.05.13, Pfingstmontag,LAND,BW,
30.05.13, Fronleichnam,LAND,BW,
18.04.14, Karfreitag,LAND,BW,
21.04.14, Ostermontag,LAND,BW,
29.05.14,Christi Himmelfahrt,LAND,BW,
09.06.14, Pfingstmontag,LAND,BW,
19.06.14, Fronleichnam,LAND,BW,
03.04.15, Karfreitag,LAND,BW,
06.04.15, Ostermontag,LAND,BW,
14.05.15,Christi Himmelfahrt,LAND,BW,
25.05.15, Pfingstmontag,LAND,BW,
04.06.15, Fronleichnam,LAND,BW,
25.03.16, Karfreitag,LAND,BW,
28.03.16, Ostermontag,LAND,BW,
05.05.16,Christi Himmelfahrt,LAND,BW,
16.05.16, Pfingstmontag,LAND,BW,
26.05.16, Fronleichnam,LAND,BW,
14.04.17, Karfreitag,LAND,BW,
17.04.17, Ostermontag,LAND,BW,
25.05.17,Christi Himmelfahrt,LAND,BW,
05.06.17, Pfingstmontag,LAND,BW,
15.06.17, Fronleichnam,LAND,BW,
30.03.18, Karfreitag,LAND,BW,
02.04.18, Ostermontag,LAND,BW,
10.05.18,Christi Himmelfahrt,LAND,BW,
21.05.18, Pfingstmontag,LAND,BW,
31.05.18, Fronleichnam,LAND,BW,
19.04.19, Karfreitag,LAND,BW,
22.04.19, Ostermontag,LAND,BW,
30.05.19,Christi Himmelfahrt,LAND,BW,
10.06.19, Pfingstmontag,LAND,BW,
20.06.19, Fronleichnam,LAND,BW,
10.04.20, Karfreitag,LAND,BW,
13.04.20, Ostermontag,LAND,BW,
21.05.20,Christi Himmelfahrt,LAND,BW,
01.06.20, Pfingstmontag,LAND,BW,
11.06.20, Fronleichnam,LAND,BW,
02.04.21, Karfreitag,LAND,BW,
05.04.21, Ostermontag,LAND,BW,
13.05.21,Christi Himmelfahrt,LAND,BW,
24.05.21, Pfingstmontag,LAND,BW,
03.06.21, Fronleichnam,LAND,BW,
15.04.22, Karfreitag,LAND,BW,
18.04.22, Ostermontag,LAND,BW,
26.05.22,Christi Himmelfahrt,LAND,BW,
06.06.22, Pfingstmontag,LAND,BW,
16.06.22, Fronleichnam,LAND,BW,
07.04.23, Karfreitag,LAND,BW,
10.04.23, Ostermontag,LAND,BW,
18.05.23,Christi Himmelfahrt,LAND,BW,
29.05.23, Pfingstmontag,LAND,BW,
08.06.23, Fronleichnam,LAND,BW,
29.03.24, Karfreitag,LAND,BW,
01.04.24, Ostermontag,LAND,BW,
09.05.24,Christi Himmelfahrt,LAND,BW,
20.05.24, Pfingstmontag,LAND,BW,
30.05.24, Fronleichnam,LAND,BW,
18.04.25, Karfreitag,LAND,BW,
21.04.25, Ostermontag,LAND,BW,
29.05.25,Christi Himmelfahrt,LAND,BW,
09.06.25, Pfingstmontag,LAND,BW,
19.06.25, Fronleichnam,LAND,BW,
03.04.26, Karfreitag,LAND,BW,
06.04.26, Ostermontag,LAND,BW,
14.05.26,Christi Himmelfahrt,LAND,BW,
25.05.26, Pfingstmontag,LAND,BW,
04.06.26, Fronleichnam,LAND,BW,
01.05.00,1. Mai,LAND,BW,
01.05.01,1. Mai,LAND,BW,
01.05.02,1. Mai,LAND,BW,
01.05.03,1. Mai,LAND,BW,
01.05.04,1. Mai,LAND,BW,
01.05.05,1. Mai,LAND,BW,
01.05.06,1. Mai,LAND,BW,
01.05.07,1. Mai,LAND,BW,
01.05.08,1. Mai,LAND,BW,
01.05.09,1. Mai,LAND,BW,
01.05.10,1. Mai,LAND,BW,
01.05.11,1. Mai,LAND,BW,
01.05.12,1. Mai,LAND,BW,
01.05.13,1. Mai,LAND,BW,
01.05.14,1. Mai,LAND,BW,
01.05.15,1. Mai,LAND,BW,
01.05.16,1. Mai,LAND,BW,
01.05.17,1. Mai,LAND,BW,
01.05.18,1. Mai,LAND,BW,
01.05.19,1. Mai,LAND,BW,
01.05.20,1. Mai,LAND,BW,
01.05.21,1. Mai,LAND,BW,
01.05.22,1. Mai,LAND,BW,
01.05.23,1. Mai,LAND,BW,
01.05.24,1. Mai,LAND,BW,
01.05.25,1. Mai,LAND,BW,
01.05.26,1. Mai,LAND,BW,
01.11.00,Allerheiligen,LAND,BW,
01.11.01,Allerheiligen,LAND,BW,
01.11.02,Allerheiligen,LAND,BW,
01.11.03,Allerheiligen,LAND,BW,
01.11.04,Allerheiligen,LAND,BW,
01.11.05,Allerheiligen,LAND,BW,
01.11.06,Allerheiligen,LAND,BW,
01.11.07,Allerheiligen,LAND,BW,
01.11.08,Allerheiligen,LAND,BW,
01.11.09,Allerheiligen,LAND,BW,
01.11.10,Allerheiligen,LAND,BW,
01.11.11,Allerheiligen,LAND,BW,
01.11.12,Allerheiligen,LAND,BW,
01.11.13,Allerheiligen,LAND,BW,
01.11.14,Allerheiligen,LAND,BW,
01.11.15,Allerheiligen,LAND,BW,
01.11.16,Allerheiligen,LAND,BW,
01.11.17,Allerheiligen,LAND,BW,
01.11.18,Allerheiligen,LAND,BW,
01.11.19,Allerheiligen,LAND,BW,
01.11.20,Allerheiligen,LAND,BW,
01.11.21,Allerheiligen,LAND,BW,
01.11.22,Allerheiligen,LAND,BW,
01.11.23,Allerheiligen,LAND,BW,
01.11.24,Allerheiligen,LAND,BW,
01.11.25,Allerheiligen,LAND,BW,
01.11.26,Allerheiligen,LAND,BW,
25.12.00,Erster Weihnachtstag,LAND,BW,
25.12.01,Erster Weihnachtstag,LAND,BW,
25.12.02,Erster Weihnachtstag,LAND,BW,
25.12.03,Erster Weihnachtstag,LAND,BW,
25.12.04,Erster Weihnachtstag,LAND,BW,
25.12.05,Erster Weihnachtstag,LAND,BW,
25.12.06,Erster Weihnachtstag,LAND,BW,
25.12.07,Erster Weihnachtstag,LAND,BW,
25.12.08,Erster Weihnachtstag,LAND,BW,
25.12.09,Erster Weihnachtstag,LAND,BW,
25.12.10,Erster Weihnachtstag,LAND,BW,
25.12.11,Erster Weihnachtstag,LAND,BW,
25.12.12,Erster Weihnachtstag,LAND,BW,
25.12.13,Erster Weihnachtstag,LAND,BW,
25.12.14,Erster Weihnachtstag,LAND,BW,
25.12.15,Erster Weihnachtstag,LAND,BW,
25.12.16,Erster Weihnachtstag,LAND,BW,
25.12.17,Erster Weihnachtstag,LAND,BW,
25.12.18,Erster Weihnachtstag,LAND,BW,
25.12.19,Erster Weihnachtstag,LAND,BW,
25.12.20,Erster Weihnachtstag,LAND,BW,
25.12.21,Erster Weihnachtstag,LAND,BW,
25.12.22,Erster Weihnachtstag,LAND,BW,
25.12.23,Erster Weihnachtstag,LAND,BW,
25.12.24,Erster Weihnachtstag,LAND,BW,
25.12.25,Erster Weihnachtstag,LAND,BW,
25.12.26,Erster Weihnachtstag,LAND,BW,
26.12.00,Zweiter Weihnachtstag,LAND,BW,
26.12.01,Zweiter Weihnachtstag,LAND,BW,
26.12.02,Zweiter Weihnachtstag,LAND,BW,
26.12.03,Zweiter Weihnachtstag,LAND,BW,
26.12.04,Zweiter Weihnachtstag,LAND,BW,
26.12.05,Zweiter Weihnachtstag,LAND,BW,
26.12.06,Zweiter Weihnachtstag,LAND,BW,
26.12.07,Zweiter Weihnachtstag,LAND,BW,
26.12.08,Zweiter Weihnachtstag,LAND,BW,
26.12.09,Zweiter Weihnachtstag,LAND,BW,
26.12.10,Zweiter Weihnachtstag,LAND,BW,
26.12.11,Zweiter Weihnachtstag,LAND,BW,
26.12.12,Zweiter Weihnachtstag,LAND,BW,
26.12.13,Zweiter Weihnachtstag,LAND,BW,
26.12.14,Zweiter Weihnachtstag,LAND,BW,
26.12.15,Zweiter Weihnachtstag,LAND,BW,
26.12.16,Zweiter Weihnachtstag,LAND,BW,
26.12.17,Zweiter Weihnachtstag,LAND,BW,
26.12.18,Zweiter Weihnachtstag,LAND,BW,
26.12.19,Zweiter Weihnachtstag,LAND,BW,
26.12.20,Zweiter Weihnachtstag,LAND,BW,
26.12.21,Zweiter Weihnachtstag,LAND,BW,
26.12.22,Zweiter Weihnachtstag,LAND,BW,
26.12.23,Zweiter Weihnachtstag,LAND,BW,
26.12.24,Zweiter Weihnachtstag,LAND,BW,
26.12.25,Zweiter Weihnachtstag,LAND,BW,
26.12.26,Zweiter Weihnachtstag,LAND,BW,
31.10.17,Reformationsfest,LAND,BW,
01.01.00,Neujahr,LAND,Bayern,
01.01.01,Neujahr,LAND,Bayern,
01.01.02,Neujahr,LAND,Bayern,
01.01.03,Neujahr,LAND,Bayern,
01.01.04,Neujahr,LAND,Bayern,
01.01.05,Neujahr,LAND,Bayern,
01.01.06,Neujahr,LAND,Bayern,
01.01.07,Neujahr,LAND,Bayern,
01.01.08,Neujahr,LAND,Bayern,
01.01.09,Neujahr,LAND,Bayern,
01.01.10,Neujahr,LAND,Bayern,
01.01.11,Neujahr,LAND,Bayern,
01.01.12,Neujahr,LAND,Bayern,
01.01.13,Neujahr,LAND,Bayern,
01.01.14,Neujahr,LAND,Bayern,
01.01.15,Neujahr,LAND,Bayern,
01.01.16,Neujahr,LAND,Bayern,
01.01.17,Neujahr,LAND,Bayern,
01.01.18,Neujahr,LAND,Bayern,
01.01.19,Neujahr,LAND,Bayern,
01.01.20,Neujahr,LAND,Bayern,
01.01.21,Neujahr,LAND,Bayern,
01.01.22,Neujahr,LAND,Bayern,
01.01.23,Neujahr,LAND,Bayern,
01.01.24,Neujahr,LAND,Bayern,
01.01.25,Neujahr,LAND,Bayern,
01.01.26,Neujahr,LAND,Bayern,
06.01.00,Erscheinungsfest,LAND,Bayern,
06.01.01,Erscheinungsfest,LAND,Bayern,
06.01.02,Erscheinungsfest,LAND,Bayern,
06.01.03,Erscheinungsfest,LAND,Bayern,
06.01.04,Erscheinungsfest,LAND,Bayern,
06.01.05,Erscheinungsfest,LAND,Bayern,
06.01.06,Erscheinungsfest,LAND,Bayern,
06.01.07,Erscheinungsfest,LAND,Bayern,
06.01.08,Erscheinungsfest,LAND,Bayern,
06.01.09,Erscheinungsfest,LAND,Bayern,
06.01.10,Erscheinungsfest,LAND,Bayern,
06.01.11,Erscheinungsfest,LAND,Bayern,
06.01.12,Erscheinungsfest,LAND,Bayern,
06.01.13,Erscheinungsfest,LAND,Bayern,
06.01.14,Erscheinungsfest,LAND,Bayern,
06.01.15,Erscheinungsfest,LAND,Bayern,
06.01.16,Erscheinungsfest,LAND,Bayern,
06.01.17,Erscheinungsfest,LAND,Bayern,
06.01.18,Erscheinungsfest,LAND,Bayern,
06.01.19,Erscheinungsfest,LAND,Bayern,
06.01.20,Erscheinungsfest,LAND,Bayern,
06.01.21,Erscheinungsfest,LAND,Bayern,
06.01.22,Erscheinungsfest,LAND,Bayern,
06.01.23,Erscheinungsfest,LAND,Bayern,
06.01.24,Erscheinungsfest,LAND,Bayern,
06.01.25,Erscheinungsfest,LAND,Bayern,
06.01.26,Erscheinungsfest,LAND,Bayern,
21.04.00, Karfreitag,LAND,Bayern,
24.04.00, Ostermontag,LAND,Bayern,
01.06.00,Christi Himmelfahrt,LAND,Bayern,
12.06.00, Pfingstmontag,LAND,Bayern,
22.06.00, Fronleichnam,LAND,Bayern,
13.04.01, Karfreitag,LAND,Bayern,
16.04.01, Ostermontag,LAND,Bayern,
24.05.01,Christi Himmelfahrt,LAND,Bayern,
04.06.01, Pfingstmontag,LAND,Bayern,
14.06.01, Fronleichnam,LAND,Bayern,
29.03.02, Karfreitag,LAND,Bayern,
01.04.02, Ostermontag,LAND,Bayern,
09.05.02,Christi Himmelfahrt,LAND,Bayern,
20.05.02, Pfingstmontag,LAND,Bayern,
30.05.02, Fronleichnam,LAND,Bayern,
18.04.03, Karfreitag,LAND,Bayern,
21.04.03, Ostermontag,LAND,Bayern,
29.05.03,Christi Himmelfahrt,LAND,Bayern,
09.06.03, Pfingstmontag,LAND,Bayern,
19.06.03, Fronleichnam,LAND,Bayern,
09.04.04, Karfreitag,LAND,Bayern,
12.04.04, Ostermontag,LAND,Bayern,
20.05.04,Christi Himmelfahrt,LAND,Bayern,
31.05.04, Pfingstmontag,LAND,Bayern,
10.06.04, Fronleichnam,LAND,Bayern,
25.03.05, Karfreitag,LAND,Bayern,
28.03.05, Ostermontag,LAND,Bayern,
05.05.05,Christi Himmelfahrt,LAND,Bayern,
16.05.05, Pfingstmontag,LAND,Bayern,
26.05.05, Fronleichnam,LAND,Bayern,
14.04.06, Karfreitag,LAND,Bayern,
17.04.06, Ostermontag,LAND,Bayern,
25.05.06,Christi Himmelfahrt,LAND,Bayern,
05.06.06, Pfingstmontag,LAND,Bayern,
15.06.06, Fronleichnam,LAND,Bayern,
06.04.07, Karfreitag,LAND,Bayern,
09.04.07, Ostermontag,LAND,Bayern,
17.05.07,Christi Himmelfahrt,LAND,Bayern,
28.05.07, Pfingstmontag,LAND,Bayern,
07.06.07, Fronleichnam,LAND,Bayern,
21.03.08, Karfreitag,LAND,Bayern,
24.03.08, Ostermontag,LAND,Bayern,
01.05.08,Christi Himmelfahrt,LAND,Bayern,
12.05.08, Pfingstmontag,LAND,Bayern,
22.05.08, Fronleichnam,LAND,Bayern,
10.04.09, Karfreitag,LAND,Bayern,
13.04.09, Ostermontag,LAND,Bayern,
21.05.09,Christi Himmelfahrt,LAND,Bayern,
01.06.09, Pfingstmontag,LAND,Bayern,
11.06.09, Fronleichnam,LAND,Bayern,
02.04.10, Karfreitag,LAND,Bayern,
05.04.10, Ostermontag,LAND,Bayern,
13.05.10,Christi Himmelfahrt,LAND,Bayern,
24.05.10, Pfingstmontag,LAND,Bayern,
03.06.10, Fronleichnam,LAND,Bayern,
22.04.11, Karfreitag,LAND,Bayern,
25.04.11, Ostermontag,LAND,Bayern,
02.06.11,Christi Himmelfahrt,LAND,Bayern,
13.06.11, Pfingstmontag,LAND,Bayern,
23.06.11, Fronleichnam,LAND,Bayern,
06.04.12, Karfreitag,LAND,Bayern,
09.04.12, Ostermontag,LAND,Bayern,
17.05.12,Christi Himmelfahrt,LAND,Bayern,
28.05.12, Pfingstmontag,LAND,Bayern,
07.06.12, Fronleichnam,LAND,Bayern,
29.03.13, Karfreitag,LAND,Bayern,
01.04.13, Ostermontag,LAND,Bayern,
09.05.13,Christi Himmelfahrt,LAND,Bayern,
20.05.13, Pfingstmontag,LAND,Bayern,
30.05.13, Fronleichnam,LAND,Bayern,
18.04.14, Karfreitag,LAND,Bayern,
21.04.14, Ostermontag,LAND,Bayern,
29.05.14,Christi Himmelfahrt,LAND,Bayern,
09.06.14, Pfingstmontag,LAND,Bayern,
19.06.14, Fronleichnam,LAND,Bayern,
03.04.15, Karfreitag,LAND,Bayern,
06.04.15, Ostermontag,LAND,Bayern,
14.05.15,Christi Himmelfahrt,LAND,Bayern,
25.05.15, Pfingstmontag,LAND,Bayern,
04.06.15, Fronleichnam,LAND,Bayern,
25.03.16, Karfreitag,LAND,Bayern,
28.03.16, Ostermontag,LAND,Bayern,
05.05.16,Christi Himmelfahrt,LAND,Bayern,
16.05.16, Pfingstmontag,LAND,Bayern,
26.05.16, Fronleichnam,LAND,Bayern,
14.04.17, Karfreitag,LAND,Bayern,
17.04.17, Ostermontag,LAND,Bayern,
25.05.17,Christi Himmelfahrt,LAND,Bayern,
05.06.17, Pfingstmontag,LAND,Bayern,
15.06.17, Fronleichnam,LAND,Bayern,
30.03.18, Karfreitag,LAND,Bayern,
02.04.18, Ostermontag,LAND,Bayern,
10.05.18,Christi Himmelfahrt,LAND,Bayern,
21.05.18, Pfingstmontag,LAND,Bayern,
31.05.18, Fronleichnam,LAND,Bayern,
19.04.19, Karfreitag,LAND,Bayern,
22.04.19, Ostermontag,LAND,Bayern,
30.05.19,Christi Himmelfahrt,LAND,Bayern,
10.06.19, Pfingstmontag,LAND,Bayern,
20.06.19, Fronleichnam,LAND,Bayern,
10.04.20, Karfreitag,LAND,Bayern,
13.04.20, Ostermontag,LAND,Bayern,
21.05.20,Christi Himmelfahrt,LAND,Bayern,
01.06.20, Pfingstmontag,LAND,Bayern,
11.06.20, Fronleichnam,LAND,Bayern,
02.04.21, Karfreitag,LAND,Bayern,
05.04.21, Ostermontag,LAND,Bayern,
13.05.21,Christi Himmelfahrt,LAND,Bayern,
24.05.21, Pfingstmontag,LAND,Bayern,
03.06.21, Fronleichnam,LAND,Bayern,
15.04.22, Karfreitag,LAND,Bayern,
18.04.22, Ostermontag,LAND,Bayern,
26.05.22,Christi Himmelfahrt,LAND,Bayern,
06.06.22, Pfingstmontag,LAND,Bayern,
16.06.22, Fronleichnam,LAND,Bayern,
07.04.23, Karfreitag,LAND,Bayern,
10.04.23, Ostermontag,LAND,Bayern,
18.05.23,Christi Himmelfahrt,LAND,Bayern,
29.05.23, Pfingstmontag,LAND,Bayern,
08.06.23, Fronleichnam,LAND,Bayern,
29.03.24, Karfreitag,LAND,Bayern,
01.04.24, Ostermontag,LAND,Bayern,
09.05.24,Christi Himmelfahrt,LAND,Bayern,
20.05.24, Pfingstmontag,LAND,Bayern,
30.05.24, Fronleichnam,LAND,Bayern,
18.04.25, Karfreitag,LAND,Bayern,
21.04.25, Ostermontag,LAND,Bayern,
29.05.25,Christi Himmelfahrt,LAND,Bayern,
09.06.25, Pfingstmontag,LAND,Bayern,
19.06.25, Fronleichnam,LAND,Bayern,
03.04.26, Karfreitag,LAND,Bayern,
06.04.26, Ostermontag,LAND,Bayern,
14.05.26,Christi Himmelfahrt,LAND,Bayern,
25.05.26, Pfingstmontag,LAND,Bayern,
04.06.26, Fronleichnam,LAND,Bayern,
01.05.00,1. Mai,LAND,Bayern,
01.05.01,1. Mai,LAND,Bayern,
01.05.02,1. Mai,LAND,Bayern,
01.05.03,1. Mai,LAND,Bayern,
01.05.04,1. Mai,LAND,Bayern,
01.05.05,1. Mai,LAND,Bayern,
01.05.06,1. Mai,LAND,Bayern,
01.05.07,1. Mai,LAND,Bayern,
01.05.08,1. Mai,LAND,Bayern,
01.05.09,1. Mai,LAND,Bayern,
01.05.10,1. Mai,LAND,Bayern,
01.05.11,1. Mai,LAND,Bayern,
01.05.12,1. Mai,LAND,Bayern,
01.05.13,1. Mai,LAND,Bayern,
01.05.14,1. Mai,LAND,Bayern,
01.05.15,1. Mai,LAND,Bayern,
01.05.16,1. Mai,LAND,Bayern,
01.05.17,1. Mai,LAND,Bayern,
01.05.18,1. Mai,LAND,Bayern,
01.05.19,1. Mai,LAND,Bayern,
01.05.20,1. Mai,LAND,Bayern,
01.05.21,1. Mai,LAND,Bayern,
01.05.22,1. Mai,LAND,Bayern,
01.05.23,1. Mai,LAND,Bayern,
01.05.24,1. Mai,LAND,Bayern,
01.05.25,1. Mai,LAND,Bayern,
01.05.26,1. Mai,LAND,Bayern,
01.11.00,Allerheiligen,LAND,Bayern,
01.11.01,Allerheiligen,LAND,Bayern,
01.11.02,Allerheiligen,LAND,Bayern,
01.11.03,Allerheiligen,LAND,Bayern,
01.11.04,Allerheiligen,LAND,Bayern,
01.11.05,Allerheiligen,LAND,Bayern,
01.11.06,Allerheiligen,LAND,Bayern,
01.11.07,Allerheiligen,LAND,Bayern,
01.11.08,Allerheiligen,LAND,Bayern,
01.11.09,Allerheiligen,LAND,Bayern,
01.11.10,Allerheiligen,LAND,Bayern,
01.11.11,Allerheiligen,LAND,Bayern,
01.11.12,Allerheiligen,LAND,Bayern,
01.11.13,Allerheiligen,LAND,Bayern,
01.11.14,Allerheiligen,LAND,Bayern,
01.11.15,Allerheiligen,LAND,Bayern,
01.11.16,Allerheiligen,LAND,Bayern,
01.11.17,Allerheiligen,LAND,Bayern,
01.11.18,Allerheiligen,LAND,Bayern,
01.11.19,Allerheiligen,LAND,Bayern,
01.11.20,Allerheiligen,LAND,Bayern,
01.11.21,Allerheiligen,LAND,Bayern,
01.11.22,Allerheiligen,LAND,Bayern,
01.11.23,Allerheiligen,LAND,Bayern,
01.11.24,Allerheiligen,LAND,Bayern,
01.11.25,Allerheiligen,LAND,Bayern,
01.11.26,Allerheiligen,LAND,Bayern,
25.12.00,Erster Weihnachtstag,LAND,Bayern,
25.12.01,Erster Weihnachtstag,LAND,Bayern,
25.12.02,Erster Weihnachtstag,LAND,Bayern,
25.12.03,Erster Weihnachtstag,LAND,Bayern,
25.12.04,Erster Weihnachtstag,LAND,Bayern,
25.12.05,Erster Weihnachtstag,LAND,Bayern,
25.12.06,Erster Weihnachtstag,LAND,Bayern,
25.12.07,Erster Weihnachtstag,LAND,Bayern,
25.12.08,Erster Weihnachtstag,LAND,Bayern,
25.12.09,Erster Weihnachtstag,LAND,Bayern,
25.12.10,Erster Weihnachtstag,LAND,Bayern,
25.12.11,Erster Weihnachtstag,LAND,Bayern,
25.12.12,Erster Weihnachtstag,LAND,Bayern,
25.12.13,Erster Weihnachtstag,LAND,Bayern,
25.12.14,Erster Weihnachtstag,LAND,Bayern,
25.12.15,Erster Weihnachtstag,LAND,Bayern,
25.12.16,Erster Weihnachtstag,LAND,Bayern,
25.12.17,Erster Weihnachtstag,LAND,Bayern,
25.12.18,Erster Weihnachtstag,LAND,Bayern,
25.12.19,Erster Weihnachtstag,LAND,Bayern,
25.12.20,Erster Weihnachtstag,LAND,Bayern,
25.12.21,Erster Weihnachtstag,LAND,Bayern,
25.12.22,Erster Weihnachtstag,LAND,Bayern,
25.12.23,Erster Weihnachtstag,LAND,Bayern,
25.12.24,Erster Weihnachtstag,LAND,Bayern,
25.12.25,Erster Weihnachtstag,LAND,Bayern,
25.12.26,Erster Weihnachtstag,LAND,Bayern,
26.12.00,Zweiter Weihnachtstag,LAND,Bayern,
26.12.01,Zweiter Weihnachtstag,LAND,Bayern,
26.12.02,Zweiter Weihnachtstag,LAND,Bayern,
26.12.03,Zweiter Weihnachtstag,LAND,Bayern,
26.12.04,Zweiter Weihnachtstag,LAND,Bayern,
26.12.05,Zweiter Weihnachtstag,LAND,Bayern,
26.12.06,Zweiter Weihnachtstag,LAND,Bayern,
26.12.07,Zweiter Weihnachtstag,LAND,Bayern,
26.12.08,Zweiter Weihnachtstag,LAND,Bayern,
26.12.09,Zweiter Weihnachtstag,LAND,Bayern,
26.12.10,Zweiter Weihnachtstag,LAND,Bayern,
26.12.11,Zweiter Weihnachtstag,LAND,Bayern,
26.12.12,Zweiter Weihnachtstag,LAND,Bayern,
26.12.13,Zweiter Weihnachtstag,LAND,Bayern,
26.12.14,Zweiter Weihnachtstag,LAND,Bayern,
26.12.15,Zweiter Weihnachtstag,LAND,Bayern,
26.12.16,Zweiter Weihnachtstag,LAND,Bayern,
26.12.17,Zweiter Weihnachtstag,LAND,Bayern,
26.12.18,Zweiter Weihnachtstag,LAND,Bayern,
26.12.19,Zweiter Weihnachtstag,LAND,Bayern,
26.12.20,Zweiter Weihnachtstag,LAND,Bayern,
26.12.21,Zweiter Weihnachtstag,LAND,Bayern,
26.12.22,Zweiter Weihnachtstag,LAND,Bayern,
26.12.23,Zweiter Weihnachtstag,LAND,Bayern,
26.12.24,Zweiter Weihnachtstag,LAND,Bayern,
26.12.25,Zweiter Weihnachtstag,LAND,Bayern,
26.12.26,Zweiter Weihnachtstag,LAND,Bayern,
15.08.00,Mariä Himmelfahrt,LAND,Bayern,in Gemeinden mit überwiegend katholischer Bevölkerung
15.08.01,Mariä Himmelfahrt,LAND,Bayern,in Gemeinden mit überwiegend katholischer Bevölkerung
15.08.02,Mariä Himmelfahrt,LAND,Bayern,in Gemeinden mit überwiegend katholischer Bevölkerung
15.08.03,Mariä Himmelfahrt,LAND,Bayern,in Gemeinden mit überwiegend katholischer Bevölkerung
15.08.04,Mariä Himmelfahrt,LAND,Bayern,in Gemeinden mit überwiegend katholischer Bevölkerung
15.08.05,Mariä Himmelfahrt,LAND,Bayern,in Gemeinden mit überwiegend katholischer Bevölkerung
15.08.06,Mariä Himmelfahrt,LAND,Bayern,in Gemeinden mit überwiegend katholischer Bevölkerung
15.08.07,Mariä Himmelfahrt,LAND,Bayern,in Gemeinden mit überwiegend katholischer Bevölkerung
15.08.08,Mariä Himmelfahrt,LAND,Bayern,in Gemeinden mit überwiegend katholischer Bevölkerung
15.08.09,Mariä Himmelfahrt,LAND,Bayern,in Gemeinden mit überwiegend katholischer Bevölkerung
15.08.10,Mariä Himmelfahrt,LAND,Bayern,in Gemeinden mit überwiegend katholischer Bevölkerung
15.08.11,Mariä Himmelfahrt,LAND,Bayern,in Gemeinden mit überwiegend katholischer Bevölkerung
15.08.12,Mariä Himmelfahrt,LAND,Bayern,in Gemeinden mit überwiegend katholischer Bevölkerung
15.08.13,Mariä Himmelfahrt,LAND,Bayern,in Gemeinden mit überwiegend katholischer Bevölkerung
15.08.14,Mariä Himmelfahrt,LAND,Bayern,in Gemeinden mit überwiegend katholischer Bevölkerung
15.08.15,Mariä Himmelfahrt,LAND,Bayern,in Gemeinden mit überwiegend katholischer Bevölkerung
15.08.16,Mariä Himmelfahrt,LAND,Bayern,in Gemeinden mit überwiegend katholischer Bevölkerung
15.08.17,Mariä Himmelfahrt,LAND,Bayern,in Gemeinden mit überwiegend katholischer Bevölkerung
15.08.18,Mariä Himmelfahrt,LAND,Bayern,in Gemeinden mit überwiegend katholischer Bevölkerung
15.08.19,Mariä Himmelfahrt,LAND,Bayern,in Gemeinden mit überwiegend katholischer Bevölkerung
15.08.20,Mariä Himmelfahrt,LAND,Bayern,in Gemeinden mit überwiegend katholischer Bevölkerung
15.08.21,Mariä Himmelfahrt,LAND,Bayern,in Gemeinden mit überwiegend katholischer Bevölkerung
15.08.22,Mariä Himmelfahrt,LAND,Bayern,in Gemeinden mit überwiegend katholischer Bevölkerung
15.08.23,Mariä Himmelfahrt,LAND,Bayern,in Gemeinden mit überwiegend katholischer Bevölkerung
15.08.24,Mariä Himmelfahrt,LAND,Bayern,in Gemeinden mit überwiegend katholischer Bevölkerung
15.08.25,Mariä Himmelfahrt,LAND,Bayern,in Gemeinden mit überwiegend katholischer Bevölkerung
15.08.26,Mariä Himmelfahrt,LAND,Bayern,in Gemeinden mit überwiegend katholischer Bevölkerung
08.08.00,Friedensfest,LAND,Bayern,nur in Stadt Augsburg
08.08.01,Friedensfest,LAND,Bayern,nur in Stadt Augsburg
08.08.02,Friedensfest,LAND,Bayern,nur in Stadt Augsburg
08.08.03,Friedensfest,LAND,Bayern,nur in Stadt Augsburg
08.08.04,Friedensfest,LAND,Bayern,nur in Stadt Augsburg
08.08.05,Friedensfest,LAND,Bayern,nur in Stadt Augsburg
08.08.06,Friedensfest,LAND,Bayern,nur in Stadt Augsburg
08.08.07,Friedensfest,LAND,Bayern,nur in Stadt Augsburg
08.08.08,Friedensfest,LAND,Bayern,nur in Stadt Augsburg
08.08.09,Friedensfest,LAND,Bayern,nur in Stadt Augsburg
08.08.10,Friedensfest,LAND,Bayern,nur in Stadt Augsburg
08.08.11,Friedensfest,LAND,Bayern,nur in Stadt Augsburg
08.08.12,Friedensfest,LAND,Bayern,nur in Stadt Augsburg
08.08.13,Friedensfest,LAND,Bayern,nur in Stadt Augsburg
08.08.14,Friedensfest,LAND,Bayern,nur in Stadt Augsburg
08.08.15,Friedensfest,LAND,Bayern,nur in Stadt Augsburg
08.08.16,Friedensfest,LAND,Bayern,nur in Stadt Augsburg
08.08.17,Friedensfest,LAND,Bayern,nur in Stadt Augsburg
08.08.18,Friedensfest,LAND,Bayern,nur in Stadt Augsburg
08.08.19,Friedensfest,LAND,Bayern,nur in Stadt Augsburg
08.08.20,Friedensfest,LAND,Bayern,nur in Stadt Augsburg
08.08.21,Friedensfest,LAND,Bayern,nur in Stadt Augsburg
08.08.22,Friedensfest,LAND,Bayern,nur in Stadt Augsburg
08.08.23,Friedensfest,LAND,Bayern,nur in Stadt Augsburg
08.08.24,Friedensfest,LAND,Bayern,nur in Stadt Augsburg
08.08.25,Friedensfest,LAND,Bayern,nur in Stadt Augsburg
08.08.26,Friedensfest,LAND,Bayern,nur in Stadt Augsburg
31.10.17,Reformationstag,LAND,Bayern,
01.01.00,Neujahrstag,LAND,Berlin,
01.01.01,Neujahrstag,LAND,Berlin,
01.01.02,Neujahrstag,LAND,Berlin,
01.01.03,Neujahrstag,LAND,Berlin,
01.01.04,Neujahrstag,LAND,Berlin,
01.01.05,Neujahrstag,LAND,Berlin,
01.01.06,Neujahrstag,LAND,Berlin,
01.01.07,Neujahrstag,LAND,Berlin,
01.01.08,Neujahrstag,LAND,Berlin,
01.01.09,Neujahrstag,LAND,Berlin,
01.01.10,Neujahrstag,LAND,Berlin,
01.01.11,Neujahrstag,LAND,Berlin,
01.01.12,Neujahrstag,LAND,Berlin,
01.01.13,Neujahrstag,LAND,Berlin,
01.01.14,Neujahrstag,LAND,Berlin,
01.01.15,Neujahrstag,LAND,Berlin,
01.01.16,Neujahrstag,LAND,Berlin,
01.01.17,Neujahrstag,LAND,Berlin,
01.01.18,Neujahrstag,LAND,Berlin,
01.01.19,Neujahrstag,LAND,Berlin,
01.01.20,Neujahrstag,LAND,Berlin,
01.01.21,Neujahrstag,LAND,Berlin,
01.01.22,Neujahrstag,LAND,Berlin,
01.01.23,Neujahrstag,LAND,Berlin,
01.01.24,Neujahrstag,LAND,Berlin,
01.01.25,Neujahrstag,LAND,Berlin,
01.01.26,Neujahrstag,LAND,Berlin,
21.04.00, Karfreitag,LAND,Berlin,
24.04.00, Ostermontag,LAND,Berlin,
01.06.00,Himmelfahrtstag,LAND,Berlin,
12.06.00, Pfingstmontag,LAND,Berlin,
13.04.01, Karfreitag,LAND,Berlin,
16.04.01, Ostermontag,LAND,Berlin,
24.05.01,Himmelfahrtstag,LAND,Berlin,
04.06.01, Pfingstmontag,LAND,Berlin,
29.03.02, Karfreitag,LAND,Berlin,
01.04.02, Ostermontag,LAND,Berlin,
09.05.02,Himmelfahrtstag,LAND,Berlin,
20.05.02, Pfingstmontag,LAND,Berlin,
18.04.03, Karfreitag,LAND,Berlin,
21.04.03, Ostermontag,LAND,Berlin,
29.05.03,Himmelfahrtstag,LAND,Berlin,
09.06.03, Pfingstmontag,LAND,Berlin,
09.04.04, Karfreitag,LAND,Berlin,
12.04.04, Ostermontag,LAND,Berlin,
20.05.04,Himmelfahrtstag,LAND,Berlin,
31.05.04, Pfingstmontag,LAND,Berlin,
25.03.05, Karfreitag,LAND,Berlin,
28.03.05, Ostermontag,LAND,Berlin,
05.05.05,Himmelfahrtstag,LAND,Berlin,
16.05.05, Pfingstmontag,LAND,Berlin,
14.04.06, Karfreitag,LAND,Berlin,
17.04.06, Ostermontag,LAND,Berlin,
25.05.06,Himmelfahrtstag,LAND,Berlin,
05.06.06, Pfingstmontag,LAND,Berlin,
06.04.07, Karfreitag,LAND,Berlin,
09.04.07, Ostermontag,LAND,Berlin,
17.05.07,Himmelfahrtstag,LAND,Berlin,
28.05.07, Pfingstmontag,LAND,Berlin,
21.03.08, Karfreitag,LAND,Berlin,
24.03.08, Ostermontag,LAND,Berlin,
01.05.08,Himmelfahrtstag,LAND,Berlin,
12.05.08, Pfingstmontag,LAND,Berlin,
10.04.09, Karfreitag,LAND,Berlin,
13.04.09, Ostermontag,LAND,Berlin,
21.05.09,Himmelfahrtstag,LAND,Berlin,
01.06.09, Pfingstmontag,LAND,Berlin,
02.04.10, Karfreitag,LAND,Berlin,
05.04.10, Ostermontag,LAND,Berlin,
13.05.10,Himmelfahrtstag,LAND,Berlin,
24.05.10, Pfingstmontag,LAND,Berlin,
22.04.11, Karfreitag,LAND,Berlin,
25.04.11, Ostermontag,LAND,Berlin,
02.06.11,Himmelfahrtstag,LAND,Berlin,
13.06.11, Pfingstmontag,LAND,Berlin,
06.04.12, Karfreitag,LAND,Berlin,
09.04.12, Ostermontag,LAND,Berlin,
17.05.12,Himmelfahrtstag,LAND,Berlin,
28.05.12, Pfingstmontag,LAND,Berlin,
29.03.13, Karfreitag,LAND,Berlin,
01.04.13, Ostermontag,LAND,Berlin,
09.05.13,Himmelfahrtstag,LAND,Berlin,
20.05.13, Pfingstmontag,LAND,Berlin,
18.04.14, Karfreitag,LAND,Berlin,
21.04.14, Ostermontag,LAND,Berlin,
29.05.14,Himmelfahrtstag,LAND,Berlin,
09.06.14, Pfingstmontag,LAND,Berlin,
03.04.15, Karfreitag,LAND,Berlin,
06.04.15, Ostermontag,LAND,Berlin,
14.05.15,Himmelfahrtstag,LAND,Berlin,
25.05.15, Pfingstmontag,LAND,Berlin,
25.03.16, Karfreitag,LAND,Berlin,
28.03.16, Ostermontag,LAND,Berlin,
05.05.16,Himmelfahrtstag,LAND,Berlin,
16.05.16, Pfingstmontag,LAND,Berlin,
14.04.17, Karfreitag,LAND,Berlin,
17.04.17, Ostermontag,LAND,Berlin,
25.05.17,Himmelfahrtstag,LAND,Berlin,
05.06.17, Pfingstmontag,LAND,Berlin,
30.03.18, Karfreitag,LAND,Berlin,
02.04.18, Ostermontag,LAND,Berlin,
10.05.18,Himmelfahrtstag,LAND,Berlin,
21.05.18, Pfingstmontag,LAND,Berlin,
19.04.19, Karfreitag,LAND,Berlin,
22.04.19, Ostermontag,LAND,Berlin,
30.05.19,Himmelfahrtstag,LAND,Berlin,
10.06.19, Pfingstmontag,LAND,Berlin,
10.04.20, Karfreitag,LAND,Berlin,
13.04.20, Ostermontag,LAND,Berlin,
21.05.20,Himmelfahrtstag,LAND,Berlin,
01.06.20, Pfingstmontag,LAND,Berlin,
02.04.21, Karfreitag,LAND,Berlin,
05.04.21, Ostermontag,LAND,Berlin,
13.05.21,Himmelfahrtstag,LAND,Berlin,
24.05.21, Pfingstmontag,LAND,Berlin,
15.04.22, Karfreitag,LAND,Berlin,
18.04.22, Ostermontag,LAND,Berlin,
26.05.22,Himmelfahrtstag,LAND,Berlin,
06.06.22, Pfingstmontag,LAND,Berlin,
07.04.23, Karfreitag,LAND,Berlin,
10.04.23, Ostermontag,LAND,Berlin,
18.05.23,Himmelfahrtstag,LAND,Berlin,
29.05.23, Pfingstmontag,LAND,Berlin,
29.03.24, Karfreitag,LAND,Berlin,
01.04.24, Ostermontag,LAND,Berlin,
09.05.24,Himmelfahrtstag,LAND,Berlin,
20.05.24, Pfingstmontag,LAND,Berlin,
18.04.25, Karfreitag,LAND,Berlin,
21.04.25, Ostermontag,LAND,Berlin,
29.05.25,Himmelfahrtstag,LAND,Berlin,
09.06.25, Pfingstmontag,LAND,Berlin,
03.04.26, Karfreitag,LAND,Berlin,
06.04.26, Ostermontag,LAND,Berlin,
14.05.26,Himmelfahrtstag,LAND,Berlin,
25.05.26, Pfingstmontag,LAND,Berlin,
01.05.00,1. Mai,LAND,Berlin,
01.05.01,1. Mai,LAND,Berlin,
01.05.02,1. Mai,LAND,Berlin,
01.05.03,1. Mai,LAND,Berlin,
01.05.04,1. Mai,LAND,Berlin,
01.05.05,1. Mai,LAND,Berlin,
01.05.06,1. Mai,LAND,Berlin,
01.05.07,1. Mai,LAND,Berlin,
01.05.08,1. Mai,LAND,Berlin,
01.05.09,1. Mai,LAND,Berlin,
01.05.10,1. Mai,LAND,Berlin,
01.05.11,1. Mai,LAND,Berlin,
01.05.12,1. Mai,LAND,Berlin,
01.05.13,1. Mai,LAND,Berlin,
01.05.14,1. Mai,LAND,Berlin,
01.05.15,1. Mai,LAND,Berlin,
01.05.16,1. Mai,LAND,Berlin,
01.05.17,1. Mai,LAND,Berlin,
01.05.18,1. Mai,LAND,Berlin,
01.05.19,1. Mai,LAND,Berlin,
01.05.20,1. Mai,LAND,Berlin,
01.05.21,1. Mai,LAND,Berlin,
01.05.22,1. Mai,LAND,Berlin,
01.05.23,1. Mai,LAND,Berlin,
01.05.24,1. Mai,LAND,Berlin,
01.05.25,1. Mai,LAND,Berlin,
01.05.26,1. Mai,LAND,Berlin,
25.12.00,1. Weihnachtstag,LAND,Berlin,
25.12.01,1. Weihnachtstag,LAND,Berlin,
25.12.02,1. Weihnachtstag,LAND,Berlin,
25.12.03,1. Weihnachtstag,LAND,Berlin,
25.12.04,1. Weihnachtstag,LAND,Berlin,
25.12.05,1. Weihnachtstag,LAND,Berlin,
25.12.06,1. Weihnachtstag,LAND,Berlin,
25.12.07,1. Weihnachtstag,LAND,Berlin,
25.12.08,1. Weihnachtstag,LAND,Berlin,
25.12.09,1. Weihnachtstag,LAND,Berlin,
25.12.10,1. Weihnachtstag,LAND,Berlin,
25.12.11,1. Weihnachtstag,LAND,Berlin,
25.12.12,1. Weihnachtstag,LAND,Berlin,
25.12.13,1. Weihnachtstag,LAND,Berlin,
25.12.14,1. Weihnachtstag,LAND,Berlin,
25.12.15,1. Weihnachtstag,LAND,Berlin,
25.12.16,1. Weihnachtstag,LAND,Berlin,
25.12.17,1. Weihnachtstag,LAND,Berlin,
25.12.18,1. Weihnachtstag,LAND,Berlin,
25.12.19,1. Weihnachtstag,LAND,Berlin,
25.12.20,1. Weihnachtstag,LAND,Berlin,
25.12.21,1. Weihnachtstag,LAND,Berlin,
25.12.22,1. Weihnachtstag,LAND,Berlin,
25.12.23,1. Weihnachtstag,LAND,Berlin,
25.12.24,1. Weihnachtstag,LAND,Berlin,
25.12.25,1. Weihnachtstag,LAND,Berlin,
25.12.26,1. Weihnachtstag,LAND,Berlin,
26.12.00,2. Weihnachtstag,LAND,Berlin,
26.12.01,2. Weihnachtstag,LAND,Berlin,
26.12.02,2. Weihnachtstag,LAND,Berlin,
26.12.03,2. Weihnachtstag,LAND,Berlin,
26.12.04,2. Weihnachtstag,LAND,Berlin,
26.12.05,2. Weihnachtstag,LAND,Berlin,
26.12.06,2. Weihnachtstag,LAND,Berlin,
26.12.07,2. Weihnachtstag,LAND,Berlin,
26.12.08,2. Weihnachtstag,LAND,Berlin,
26.12.09,2. Weihnachtstag,LAND,Berlin,
26.12.10,2. Weihnachtstag,LAND,Berlin,
26.12.11,2. Weihnachtstag,LAND,Berlin,
26.12.12,2. Weihnachtstag,LAND,Berlin,
26.12.13,2. Weihnachtstag,LAND,Berlin,
26.12.14,2. Weihnachtstag,LAND,Berlin,
26.12.15,2. Weihnachtstag,LAND,Berlin,
26.12.16,2. Weihnachtstag,LAND,Berlin,
26.12.17,2. Weihnachtstag,LAND,Berlin,
26.12.18,2. Weihnachtstag,LAND,Berlin,
26.12.19,2. Weihnachtstag,LAND,Berlin,
26.12.20,2. Weihnachtstag,LAND,Berlin,
26.12.21,2. Weihnachtstag,LAND,Berlin,
26.12.22,2. Weihnachtstag,LAND,Berlin,
26.12.23,2. Weihnachtstag,LAND,Berlin,
26.12.24,2. Weihnachtstag,LAND,Berlin,
26.12.25,2. Weihnachtstag,LAND,Berlin,
26.12.26,2. Weihnachtstag,LAND,Berlin,
31.10.17,500. Jahrestag der Reformation,LAND,Berlin,
08.05.20,75. Jahrestag der Befreiung vom Nationalsozialismus und der Beendigung des Zweiten Weltkrieges in Europa,LAND,Berlin,
08.05.25,80. Jahrestag der Befreiung vom Nationalsozialismus und der Beendigung des Zweiten Weltkriegs in Europa,LAND,Berlin,
08.03.19,Frauentag,LAND,Berlin,
08.03.20,Frauentag,LAND,Berlin,
08.03.21,Frauentag,LAND,Berlin,
08.03.22,Frauentag,LAND,Berlin,
08.03.23,Frauentag,LAND,Berlin,
08.03.24,Frauentag,LAND,Berlin,
08.03.25,Frauentag,LAND,Berlin,
08.03.26,Frauentag,LAND,Berlin,
01.01.00,Neujahrstag,LAND,Brandenburg,
01.01.01,Neujahrstag,LAND,Brandenburg,
01.01.02,Neujahrstag,LAND,Brandenburg,
01.01.03,Neujahrstag,LAND,Brandenburg,
01.01.04,Neujahrstag,LAND,Brandenburg,
01.01.05,Neujahrstag,LAND,Brandenburg,
01.01.06,Neujahrstag,LAND,Brandenburg,
01.01.07,Neujahrstag,LAND,Brandenburg,
01.01.08,Neujahrstag,LAND,Brandenburg,
01.01.09,Neujahrstag,LAND,Brandenburg,
01.01.10,Neujahrstag,LAND,Brandenburg,
01.01.11,Neujahrstag,LAND,Brandenburg,
01.01.12,Neujahrstag,LAND,Brandenburg,
01.01.13,Neujahrstag,LAND,Brandenburg,
01.01.14,Neujahrstag,LAND,Brandenburg,
01.01.15,Neujahrstag,LAND,Brandenburg,
01.01.16,Neujahrstag,LAND,Brandenburg,
01.01.17,Neujahrstag,LAND,Brandenburg,
01.01.18,Neujahrstag,LAND,Brandenburg,
01.01.19,Neujahrstag,LAND,Brandenburg,
01.01.20,Neujahrstag,LAND,Brandenburg,
01.01.21,Neujahrstag,LAND,Brandenburg,
01.01.22,Neujahrstag,LAND,Brandenburg,
01.01.23,Neujahrstag,LAND,Brandenburg,
01.01.24,Neujahrstag,LAND,Brandenburg,
01.01.25,Neujahrstag,LAND,Brandenburg,
01.01.26,Neujahrstag,LAND,Brandenburg,
21.04.00, Karfreitag,LAND,Brandenburg,
24.04.00, Ostermontag,LAND,Brandenburg,
01.06.00,Christi Himmelfahrtstag,LAND,Brandenburg,
12.06.00, Pfingstmontag,LAND,Brandenburg,
13.04.01, Karfreitag,LAND,Brandenburg,
16.04.01, Ostermontag,LAND,Brandenburg,
24.05.01,Christi Himmelfahrtstag,LAND,Brandenburg,
04.06.01, Pfingstmontag,LAND,Brandenburg,
29.03.02, Karfreitag,LAND,Brandenburg,
01.04.02, Ostermontag,LAND,Brandenburg,
09.05.02,Christi Himmelfahrtstag,LAND,Brandenburg,
20.05.02, Pfingstmontag,LAND,Brandenburg,
18.04.03, Karfreitag,LAND,Brandenburg,
21.04.03, Ostermontag,LAND,Brandenburg,
29.05.03,Christi Himmelfahrtstag,LAND,Brandenburg,
09.06.03, Pfingstmontag,LAND,Brandenburg,
09.04.04, Karfreitag,LAND,Brandenburg,
12.04.04, Ostermontag,LAND,Brandenburg,
20.05.04,Christi Himmelfahrtstag,LAND,Brandenburg,
31.05.04, Pfingstmontag,LAND,Brandenburg,
25.03.05, Karfreitag,LAND,Brandenburg,
28.03.05, Ostermontag,LAND,Brandenburg,
05.05.05,Christi Himmelfahrtstag,LAND,Brandenburg,
16.05.05, Pfingstmontag,LAND,Brandenburg,
14.04.06, Karfreitag,LAND,Brandenburg,
17.04.06, Ostermontag,LAND,Brandenburg,
25.05.06,Christi Himmelfahrtstag,LAND,Brandenburg,
05.06.06, Pfingstmontag,LAND,Brandenburg,
06.04.07, Karfreitag,LAND,Brandenburg,
09.04.07, Ostermontag,LAND,Brandenburg,
17.05.07,Christi Himmelfahrtstag,LAND,Brandenburg,
28.05.07, Pfingstmontag,LAND,Brandenburg,
21.03.08, Karfreitag,LAND,Brandenburg,
24.03.08, Ostermontag,LAND,Brandenburg,
01.05.08,Christi Himmelfahrtstag,LAND,Brandenburg,
12.05.08, Pfingstmontag,LAND,Brandenburg,
10.04.09, Karfreitag,LAND,Brandenburg,
13.04.09, Ostermontag,LAND,Brandenburg,
21.05.09,Christi Himmelfahrtstag,LAND,Brandenburg,
01.06.09, Pfingstmontag,LAND,Brandenburg,
02.04.10, Karfreitag,LAND,Brandenburg,
05.04.10, Ostermontag,LAND,Brandenburg,
13.05.10,Christi Himmelfahrtstag,LAND,Brandenburg,
24.05.10, Pfingstmontag,LAND,Brandenburg,
22.04.11, Karfreitag,LAND,Brandenburg,
25.04.11, Ostermontag,LAND,Brandenburg,
02.06.11,Christi Himmelfahrtstag,LAND,Brandenburg,
13.06.11, Pfingstmontag,LAND,Brandenburg,
06.04.12, Karfreitag,LAND,Brandenburg,
09.04.12, Ostermontag,LAND,Brandenburg,
17.05.12,Christi Himmelfahrtstag,LAND,Brandenburg,
28.05.12, Pfingstmontag,LAND,Brandenburg,
29.03.13, Karfreitag,LAND,Brandenburg,
01.04.13, Ostermontag,LAND,Brandenburg,
09.05.13,Christi Himmelfahrtstag,LAND,Brandenburg,
20.05.13, Pfingstmontag,LAND,Brandenburg,
18.04.14, Karfreitag,LAND,Brandenburg,
21.04.14, Ostermontag,LAND,Brandenburg,
29.05.14,Christi Himmelfahrtstag,LAND,Brandenburg,
09.06.14, Pfingstmontag,LAND,Brandenburg,
03.04.15, Karfreitag,LAND,Brandenburg,
06.04.15, Ostermontag,LAND,Brandenburg,
14.05.15,Christi Himmelfahrtstag,LAND,Brandenburg,
25.05.15, Pfingstmontag,LAND,Brandenburg,
25.03.16, Karfreitag,LAND,Brandenburg,
28.03.16, Ostermontag,LAND,Brandenburg,
05.05.16,Christi Himmelfahrtstag,LAND,Brandenburg,
16.05.16, Pfingstmontag,LAND,Brandenburg,
14.04.17, Karfreitag,LAND,Brandenburg,
17.04.17, Ostermontag,LAND,Brandenburg,
25.05.17,Christi Himmelfahrtstag,LAND,Brandenburg,
05.06.17, Pfingstmontag,LAND,Brandenburg,
30.03.18, Karfreitag,LAND,Brandenburg,
02.04.18, Ostermontag,LAND,Brandenburg,
10.05.18,Christi Himmelfahrtstag,LAND,Brandenburg,
21.05.18, Pfingstmontag,LAND,Brandenburg,
19.04.19, Karfreitag,LAND,Brandenburg,
22.04.19, Ostermontag,LAND,Brandenburg,
30.05.19,Christi Himmelfahrtstag,LAND,Brandenburg,
10.06.19, Pfingstmontag,LAND,Brandenburg,
10.04.20, Karfreitag,LAND,Brandenburg,
13.04.20, Ostermontag,LAND,Brandenburg,
21.05.20,Christi Himmelfahrtstag,LAND,Brandenburg,
01.06.20, Pfingstmontag,LAND,Brandenburg,
02.04.21, Karfreitag,LAND,Brandenburg,
05.04.21, Ostermontag,LAND,Brandenburg,
13.05.21,Christi Himmelfahrtstag,LAND,Brandenburg,
24.05.21, Pfingstmontag,LAND,Brandenburg,
15.04.22, Karfreitag,LAND,Brandenburg,
18.04.22, Ostermontag,LAND,Brandenburg,
26.05.22,Christi Himmelfahrtstag,LAND,Brandenburg,
06.06.22, Pfingstmontag,LAND,Brandenburg,
07.04.23, Karfreitag,LAND,Brandenburg,
10.04.23, Ostermontag,LAND,Brandenburg,
18.05.23,Christi Himmelfahrtstag,LAND,Brandenburg,
29.05.23, Pfingstmontag,LAND,Brandenburg,
29.03.24, Karfreitag,LAND,Brandenburg,
01.04.24, Ostermontag,LAND,Brandenburg,
09.05.24,Christi Himmelfahrtstag,LAND,Brandenburg,
20.05.24, Pfingstmontag,LAND,Brandenburg,
18.04.25, Karfreitag,LAND,Brandenburg,
21.04.25, Ostermontag,LAND,Brandenburg,
29.05.25,Christi Himmelfahrtstag,LAND,Brandenburg,
09.06.25, Pfingstmontag,LAND,Brandenburg,
03.04.26, Karfreitag,LAND,Brandenburg,
06.04.26, Ostermontag,LAND,Brandenburg,
14.05.26,Christi Himmelfahrtstag,LAND,Brandenburg,
25.05.26, Pfingstmontag,LAND,Brandenburg,
01.05.00,Tag der Arbeit,LAND,Brandenburg,
01.05.01,Tag der Arbeit,LAND,Brandenburg,
01.05.02,Tag der Arbeit,LAND,Brandenburg,
01.05.03,Tag der Arbeit,LAND,Brandenburg,
01.05.04,Tag der Arbeit,LAND,Brandenburg,
01.05.05,Tag der Arbeit,LAND,Brandenburg,
01.05.06,Tag der Arbeit,LAND,Brandenburg,
01.05.07,Tag der Arbeit,LAND,Brandenburg,
01.05.08,Tag der Arbeit,LAND,Brandenburg,
01.05.09,Tag der Arbeit,LAND,Brandenburg,
01.05.10,Tag der Arbeit,LAND,Brandenburg,
01.05.11,Tag der Arbeit,LAND,Brandenburg,
01.05.12,Tag der Arbeit,LAND,Brandenburg,
01.05.13,Tag der Arbeit,LAND,Brandenburg,
01.05.14,Tag der Arbeit,LAND,Brandenburg,
01.05.15,Tag der Arbeit,LAND,Brandenburg,
01.05.16,Tag der Arbeit,LAND,Brandenburg,
01.05.17,Tag der Arbeit,LAND,Brandenburg,
01.05.18,Tag der Arbeit,LAND,Brandenburg,
01.05.19,Tag der Arbeit,LAND,Brandenburg,
01.05.20,Tag der Arbeit,LAND,Brandenburg,
01.05.21,Tag der Arbeit,LAND,Brandenburg,
01.05.22,Tag der Arbeit,LAND,Brandenburg,
01.05.23,Tag der Arbeit,LAND,Brandenburg,
01.05.24,Tag der Arbeit,LAND,Brandenburg,
01.05.25,Tag der Arbeit,LAND,Brandenburg,
01.05.26,Tag der Arbeit,LAND,Brandenburg,
25.12.00,1. Weihnachtsfeiertag,LAND,Brandenburg,
25.12.01,1. Weihnachtsfeiertag,LAND,Brandenburg,
25.12.02,1. Weihnachtsfeiertag,LAND,Brandenburg,
25.12.03,1. Weihnachtsfeiertag,LAND,Brandenburg,
25.12.04,1. Weihnachtsfeiertag,LAND,Brandenburg,
25.12.05,1. Weihnachtsfeiertag,LAND,Brandenburg,
25.12.06,1. Weihnachtsfeiertag,LAND,Brandenburg,
25.12.07,1. Weihnachtsfeiertag,LAND,Brandenburg,
25.12.08,1. Weihnachtsfeiertag,LAND,Brandenburg,
25.12.09,1. Weihnachtsfeiertag,LAND,Brandenburg,
25.12.10,1. Weihnachtsfeiertag,LAND,Brandenburg,
25.12.11,1. Weihnachtsfeiertag,LAND,Brandenburg,
25.12.12,1. Weihnachtsfeiertag,LAND,Brandenburg,
25.12.13,1. Weihnachtsfeiertag,LAND,Brandenburg,
25.12.14,1. Weihnachtsfeiertag,LAND,Brandenburg,
25.12.15,1. Weihnachtsfeiertag,LAND,Brandenburg,
25.12.16,1. Weihnachtsfeiertag,LAND,Brandenburg,
25.12.17,1. Weihnachtsfeiertag,LAND,Brandenburg,
25.12.18,1. Weihnachtsfeiertag,LAND,Brandenburg,
25.12.19,1. Weihnachtsfeiertag,LAND,Brandenburg,
25.12.20,1. Weihnachtsfeiertag,LAND,Brandenburg,
25.12.21,1. Weihnachtsfeiertag,LAND,Brandenburg,
25.12.22,1. Weihnachtsfeiertag,LAND,Brandenburg,
25.12.23,1. Weihnachtsfeiertag,LAND,Brandenburg,
25.12.24,1. Weihnachtsfeiertag,LAND,Brandenburg,
25.12.25,1. Weihnachtsfeiertag,LAND,Brandenburg,
25.12.26,1. Weihnachtsfeiertag,LAND,Brandenburg,
26.12.00,2. Weihnachtsfeiertag,LAND,Brandenburg,
26.12.01,2. Weihnachtsfeiertag,LAND,Brandenburg,
26.12.02,2. Weihnachtsfeiertag,LAND,Brandenburg,
26.12.03,2. Weihnachtsfeiertag,LAND,Brandenburg,
26.12.04,2. Weihnachtsfeiertag,LAND,Brandenburg,
26.12.05,2. Weihnachtsfeiertag,LAND,Brandenburg,
26.12.06,2. Weihnachtsfeiertag,LAND,Brandenburg,
26.12.07,2. Weihnachtsfeiertag,LAND,Brandenburg,
26.12.08,2. Weihnachtsfeiertag,LAND,Brandenburg,
26.12.09,2. Weihnachtsfeiertag,LAND,Brandenburg,
26.12.10,2. Weihnachtsfeiertag,LAND,Brandenburg,
26.12.11,2. Weihnachtsfeiertag,LAND,Brandenburg,
26.12.12,2. Weihnachtsfeiertag,LAND,Brandenburg,
26.12.13,2. Weihnachtsfeiertag,LAND,Brandenburg,
26.12.14,2. Weihnachtsfeiertag,LAND,Brandenburg,
26.12.15,2. Weihnachtsfeiertag,LAND,Brandenburg,
26.12.16,2. Weihnachtsfeiertag,LAND,Brandenburg,
26.12.17,2. Weihnachtsfeiertag,LAND,Brandenburg,
26.12.18,2. Weihnachtsfeiertag,LAND,Brandenburg,
26.12.19,2. Weihnachtsfeiertag,LAND,Brandenburg,
26.12.20,2. Weihnachtsfeiertag,LAND,Brandenburg,
26.12.21,2. Weihnachtsfeiertag,LAND,Brandenburg,
26.12.22,2. Weihnachtsfeiertag,LAND,Brandenburg,
26.12.23,2. Weihnachtsfeiertag,LAND,Brandenburg,
26.12.24,2. Weihnachtsfeiertag,LAND,Brandenburg,
26.12.25,2. Weihnachtsfeiertag,LAND,Brandenburg,
26.12.26,2. Weihnachtsfeiertag,LAND,Brandenburg,
31.10.00,Reformationsfest,LAND,Brandenburg,
31.10.01,Reformationsfest,LAND,Brandenburg,
31.10.02,Reformationsfest,LAND,Brandenburg,
31.10.03,Reformationsfest,LAND,Brandenburg,
31.10.04,Reformationsfest,LAND,Brandenburg,
31.10.05,Reformationsfest,LAND,Brandenburg,
31.10.06,Reformationsfest,LAND,Brandenburg,
31.10.07,Reformationsfest,LAND,Brandenburg,
31.10.08,Reformationsfest,LAND,Brandenburg,
31.10.09,Reformationsfest,LAND,Brandenburg,
31.10.10,Reformationsfest,LAND,Brandenburg,
31.10.11,Reformationsfest,LAND,Brandenburg,
31.10.12,Reformationsfest,LAND,Brandenburg,
31.10.13,Reformationsfest,LAND,Brandenburg,
31.10.14,Reformationsfest,LAND,Brandenburg,
31.10.15,Reformationsfest,LAND,Brandenburg,
31.10.16,Reformationsfest,LAND,Brandenburg,
31.10.17,Reformationsfest,LAND,Brandenburg,
31.10.18,Reformationsfest,LAND,Brandenburg,
31.10.19,Reformationsfest,LAND,Brandenburg,
31.10.20,Reformationsfest,LAND,Brandenburg,
31.10.21,Reformationsfest,LAND,Brandenburg,
31.10.22,Reformationsfest,LAND,Brandenburg,
31.10.23,Reformationsfest,LAND,Brandenburg,
31.10.24,Reformationsfest,LAND,Brandenburg,
31.10.25,Reformationsfest,LAND,Brandenburg,
31.10.26,Reformationsfest,LAND,Brandenburg,
01.01.00,Neujahrstag,LAND,Bremen,
01.01.01,Neujahrstag,LAND,Bremen,
01.01.02,Neujahrstag,LAND,Bremen,
01.01.03,Neujahrstag,LAND,Bremen,
01.01.04,Neujahrstag,LAND,Bremen,
01.01.05,Neujahrstag,LAND,Bremen,
01.01.06,Neujahrstag,LAND,Bremen,
01.01.07,Neujahrstag,LAND,Bremen,
01.01.08,Neujahrstag,LAND,Bremen,
01.01.09,Neujahrstag,LAND,Bremen,
01.01.10,Neujahrstag,LAND,Bremen,
01.01.11,Neujahrstag,LAND,Bremen,
01.01.12,Neujahrstag,LAND,Bremen,
01.01.13,Neujahrstag,LAND,Bremen,
01.01.14,Neujahrstag,LAND,Bremen,
01.01.15,Neujahrstag,LAND,Bremen,
01.01.16,Neujahrstag,LAND,Bremen,
01.01.17,Neujahrstag,LAND,Bremen,
01.01.18,Neujahrstag,LAND,Bremen,
01.01.19,Neujahrstag,LAND,Bremen,
01.01.20,Neujahrstag,LAND,Bremen,
01.01.21,Neujahrstag,LAND,Bremen,
01.01.22,Neujahrstag,LAND,Bremen,
01.01.23,Neujahrstag,LAND,Bremen,
01.01.24,Neujahrstag,LAND,Bremen,
01.01.25,Neujahrstag,LAND,Bremen,
01.01.26,Neujahrstag,LAND,Bremen,
21.04.00, Karfreitag,LAND,Bremen,
24.04.00, Ostermontag,LAND,Bremen,
01.06.00,Himmelfahrtstag,LAND,Bremen,
12.06.00, Pfingstmontag,LAND,Bremen,
13.04.01, Karfreitag,LAND,Bremen,
16.04.01, Ostermontag,LAND,Bremen,
24.05.01,Himmelfahrtstag,LAND,Bremen,
04.06.01, Pfingstmontag,LAND,Bremen,
29.03.02, Karfreitag,LAND,Bremen,
01.04.02, Ostermontag,LAND,Bremen,
09.05.02,Himmelfahrtstag,LAND,Bremen,
20.05.02, Pfingstmontag,LAND,Bremen,
18.04.03, Karfreitag,LAND,Bremen,
21.04.03, Ostermontag,LAND,Bremen,
29.05.03,Himmelfahrtstag,LAND,Bremen,
09.06.03, Pfingstmontag,LAND,Bremen,
09.04.04, Karfreitag,LAND,Bremen,
12.04.04, Ostermontag,LAND,Bremen,
20.05.04,Himmelfahrtstag,LAND,Bremen,
31.05.04, Pfingstmontag,LAND,Bremen,
25.03.05, Karfreitag,LAND,Bremen,
28.03.05, Ostermontag,LAND,Bremen,
05.05.05,Himmelfahrtstag,LAND,Bremen,
16.05.05, Pfingstmontag,LAND,Bremen,
14.04.06, Karfreitag,LAND,Bremen,
17.04.06, Ostermontag,LAND,Bremen,
25.05.06,Himmelfahrtstag,LAND,Bremen,
05.06.06, Pfingstmontag,LAND,Bremen,
06.04.07, Karfreitag,LAND,Bremen,
09.04.07, Ostermontag,LAND,Bremen,
17.05.07,Himmelfahrtstag,LAND,Bremen,
28.05.07, Pfingstmontag,LAND,Bremen,
21.03.08, Karfreitag,LAND,Bremen,
24.03.08, Ostermontag,LAND,Bremen,
01.05.08,Himmelfahrtstag,LAND,Bremen,
12.05.08, Pfingstmontag,LAND,Bremen,
10.04.09, Karfreitag,LAND,Bremen,
13.04.09, Ostermontag,LAND,Bremen,
21.05.09,Himmelfahrtstag,LAND,Bremen,
01.06.09, Pfingstmontag,LAND,Bremen,
02.04.10, Karfreitag,LAND,Bremen,
05.04.10, Ostermontag,LAND,Bremen,
13.05.10,Himmelfahrtstag,LAND,Bremen,
24.05.10, Pfingstmontag,LAND,Bremen,
22.04.11, Karfreitag,LAND,Bremen,
25.04.11, Ostermontag,LAND,Bremen,
02.06.11,Himmelfahrtstag,LAND,Bremen,
13.06.11, Pfingstmontag,LAND,Bremen,
06.04.12, Karfreitag,LAND,Bremen,
09.04.12, Ostermontag,LAND,Bremen,
17.05.12,Himmelfahrtstag,LAND,Bremen,
28.05.12, Pfingstmontag,LAND,Bremen,
29.03.13, Karfreitag,LAND,Bremen,
01.04.13, Ostermontag,LAND,Bremen,
09.05.13,Himmelfahrtstag,LAND,Bremen,
20.05.13, Pfingstmontag,LAND,Bremen,
18.04.14, Karfreitag,LAND,Bremen,
21.04.14, Ostermontag,LAND,Bremen,
29.05.14,Himmelfahrtstag,LAND,Bremen,
09.06.14, Pfingstmontag,LAND,Bremen,
03.04.15, Karfreitag,LAND,Bremen,
06.04.15, Ostermontag,LAND,Bremen,
14.05.15,Himmelfahrtstag,LAND,Bremen,
25.05.15, Pfingstmontag,LAND,Bremen,
25.03.16, Karfreitag,LAND,Bremen,
28.03.16, Ostermontag,LAND,Bremen,
05.05.16,Himmelfahrtstag,LAND,Bremen,
16.05.16, Pfingstmontag,LAND,Bremen,
14.04.17, Karfreitag,LAND,Bremen,
17.04.17, Ostermontag,LAND,Bremen,
25.05.17,Himmelfahrtstag,LAND,Bremen,
05.06.17, Pfingstmontag,LAND,Bremen,
30.03.18, Karfreitag,LAND,Bremen,
02.04.18, Ostermontag,LAND,Bremen,
10.05.18,Himmelfahrtstag,LAND,Bremen,
21.05.18, Pfingstmontag,LAND,Bremen,
19.04.19, Karfreitag,LAND,Bremen,
22.04.19, Ostermontag,LAND,Bremen,
30.05.19,Himmelfahrtstag,LAND,Bremen,
10.06.19, Pfingstmontag,LAND,Bremen,
10.04.20, Karfreitag,LAND,Bremen,
13.04.20, Ostermontag,LAND,Bremen,
21.05.20,Himmelfahrtstag,LAND,Bremen,
01.06.20, Pfingstmontag,LAND,Bremen,
02.04.21, Karfreitag,LAND,Bremen,
05.04.21, Ostermontag,LAND,Bremen,
13.05.21,Himmelfahrtstag,LAND,Bremen,
24.05.21, Pfingstmontag,LAND,Bremen,
15.04.22, Karfreitag,LAND,Bremen,
18.04.22, Ostermontag,LAND,Bremen,
26.05.22,Himmelfahrtstag,LAND,Bremen,
06.06.22, Pfingstmontag,LAND,Bremen,
07.04.23, Karfreitag,LAND,Bremen,
10.04.23, Ostermontag,LAND,Bremen,
18.05.23,Himmelfahrtstag,LAND,Bremen,
29.05.23, Pfingstmontag,LAND,Bremen,
29.03.24, Karfreitag,LAND,Bremen,
01.04.24, Ostermontag,LAND,Bremen,
09.05.24,Himmelfahrtstag,LAND,Bremen,
20.05.24, Pfingstmontag,LAND,Bremen,
18.04.25, Karfreitag,LAND,Bremen,
21.04.25, Ostermontag,LAND,Bremen,
29.05.25,Himmelfahrtstag,LAND,Bremen,
09.06.25, Pfingstmontag,LAND,Bremen,
03.04.26, Karfreitag,LAND,Bremen,
06.04.26, Ostermontag,LAND,Bremen,
14.05.26,Himmelfahrtstag,LAND,Bremen,
25.05.26, Pfingstmontag,LAND,Bremen,
01.05.00,1. Mai,LAND,Bremen,
01.05.01,1. Mai,LAND,Bremen,
01.05.02,1. Mai,LAND,Bremen,
01.05.03,1. Mai,LAND,Bremen,
01.05.04,1. Mai,LAND,Bremen,
01.05.05,1. Mai,LAND,Bremen,
01.05.06,1. Mai,LAND,Bremen,
01.05.07,1. Mai,LAND,Bremen,
01.05.08,1. Mai,LAND,Bremen,
01.05.09,1. Mai,LAND,Bremen,
01.05.10,1. Mai,LAND,Bremen,
01.05.11,1. Mai,LAND,Bremen,
01.05.12,1. Mai,LAND,Bremen,
01.05.13,1. Mai,LAND,Bremen,
01.05.14,1. Mai,LAND,Bremen,
01.05.15,1. Mai,LAND,Bremen,
01.05.16,1. Mai,LAND,Bremen,
01.05.17,1. Mai,LAND,Bremen,
01.05.18,1. Mai,LAND,Bremen,
01.05.19,1. Mai,LAND,Bremen,
01.05.20,1. Mai,LAND,Bremen,
01.05.21,1. Mai,LAND,Bremen,
01.05.22,1. Mai,LAND,Bremen,
01.05.23,1. Mai,LAND,Bremen,
01.05.24,1. Mai,LAND,Bremen,
01.05.25,1. Mai,LAND,Bremen,
01.05.26,1. Mai,LAND,Bremen,
25.12.00,1. Weihnachtstag,LAND,Bremen,
25.12.01,1. Weihnachtstag,LAND,Bremen,
25.12.02,1. Weihnachtstag,LAND,Bremen,
25.12.03,1. Weihnachtstag,LAND,Bremen,
25.12.04,1. Weihnachtstag,LAND,Bremen,
25.12.05,1. Weihnachtstag,LAND,Bremen,
25.12.06,1. Weihnachtstag,LAND,Bremen,
25.12.07,1. Weihnachtstag,LAND,Bremen,
25.12.08,1. Weihnachtstag,LAND,Bremen,
25.12.09,1. Weihnachtstag,LAND,Bremen,
25.12.10,1. Weihnachtstag,LAND,Bremen,
25.12.11,1. Weihnachtstag,LAND,Bremen,
25.12.12,1. Weihnachtstag,LAND,Bremen,
25.12.13,1. Weihnachtstag,LAND,Bremen,
25.12.14,1. Weihnachtstag,LAND,Bremen,
25.12.15,1. Weihnachtstag,LAND,Bremen,
25.12.16,1. Weihnachtstag,LAND,Bremen,
25.12.17,1. Weihnachtstag,LAND,Bremen,
25.12.18,1. Weihnachtstag,LAND,Bremen,
25.12.19,1. Weihnachtstag,LAND,Bremen,
25.12.20,1. Weihnachtstag,LAND,Bremen,
25.12.21,1. Weihnachtstag,LAND,Bremen,
25.12.22,1. Weihnachtstag,LAND,Bremen,
25.12.23,1. Weihnachtstag,LAND,Bremen,
25.12.24,1. Weihnachtstag,LAND,Bremen,
25.12.25,1. Weihnachtstag,LAND,Bremen,
25.12.26,1. Weihnachtstag,LAND,Bremen,
26.12.00,2. Weihnachtstag,LAND,Bremen,
26.12.01,2. Weihnachtstag,LAND,Bremen,
26.12.02,2. Weihnachtstag,LAND,Bremen,
26.12.03,2. Weihnachtstag,LAND,Bremen,
26.12.04,2. Weihnachtstag,LAND,Bremen,
26.12.05,2. Weihnachtstag,LAND,Bremen,
26.12.06,2. Weihnachtstag,LAND,Bremen,
26.12.07,2. Weihnachtstag,LAND,Bremen,
26.12.08,2. Weihnachtstag,LAND,Bremen,
26.12.09,2. Weihnachtstag,LAND,Bremen,
26.12.10,2. Weihnachtstag,LAND,Bremen,
26.12.11,2. Weihnachtstag,LAND,Bremen,
26.12.12,2. Weihnachtstag,LAND,Bremen,
26.12.13,2. Weihnachtstag,LAND,Bremen,
26.12.14,2. Weihnachtstag,LAND,Bremen,
26.12.15,2. Weihnachtstag,LAND,Bremen,
26.12.16,2. Weihnachtstag,LAND,Bremen,
26.12.17,2. Weihnachtstag,LAND,Bremen,
26.12.18,2. Weihnachtstag,LAND,Bremen,
26.12.19,2. Weihnachtstag,LAND,Bremen,
26.12.20,2. Weihnachtstag,LAND,Bremen,
26.12.21,2. Weihnachtstag,LAND,Bremen,
26.12.22,2. Weihnachtstag,LAND,Bremen,
26.12.23,2. Weihnachtstag,LAND,Bremen,
26.12.24,2. Weihnachtstag,LAND,Bremen,
26.12.25,2. Weihnachtstag,LAND,Bremen,
26.12.26,2. Weihnachtstag,LAND,Bremen,
31.10.17,500. Jahrestag der Reformation,LAND,Bremen,
31.10.18,Reformationstag,LAND,Bremen,
31.10.19,Reformationstag,LAND,Bremen,
31.10.20,Reformationstag,LAND,Bremen,
31.10.21,Reformationstag,LAND,Bremen,
31.10.22,Reformationstag,LAND,Bremen,
31.10.23,Reformationstag,LAND,Bremen,
31.10.24,Reformationstag,LAND,Bremen,
31.10.25,Reformationstag,LAND,Bremen,
31.10.26,Reformationstag,LAND,Bremen,
